domain,clean_domain
"0000.ton","0000"
"0001.ton","0001"
"0002.ton","0002"
"0003.ton","0003"
"0004.ton","0004"
"0005.ton","0005"
"0006.ton","0006"
"0007.ton","0007"
"0008.ton","0008"
"0009.ton","0009"
"0010.ton","0010"
"0011.ton","0011"
"0012.ton","0012"
"0013.ton","0013"
"0014.ton","0014"
"0015.ton","0015"
"0016.ton","0016"
"0017.ton","0017"
"0018.ton","0018"
"0019.ton","0019"
"0020.ton","0020"
"0021.ton","0021"
"0022.ton","0022"
"0023.ton","0023"
"0024.ton","0024"
"0025.ton","0025"
"0026.ton","0026"
"0027.ton","0027"
"0028.ton","0028"
"0029.ton","0029"
"0030.ton","0030"
"0031.ton","0031"
"0032.ton","0032"
"0033.ton","0033"
"0034.ton","0034"
"0035.ton","0035"
"0036.ton","0036"
"0037.ton","0037"
"0038.ton","0038"
"0039.ton","0039"
"0040.ton","0040"
"0041.ton","0041"
"0042.ton","0042"
"0043.ton","0043"
"0044.ton","0044"
"0045.ton","0045"
"0046.ton","0046"
"0047.ton","0047"
"0048.ton","0048"
"0049.ton","0049"
"0050.ton","0050"
"0051.ton","0051"
"0052.ton","0052"
"0053.ton","0053"
"0054.ton","0054"
"0055.ton","0055"
"0056.ton","0056"
"0057.ton","0057"
"0058.ton","0058"
"0059.ton","0059"
"0060.ton","0060"
"0061.ton","0061"
"0062.ton","0062"
"0063.ton","0063"
"0064.ton","0064"
"0065.ton","0065"
"0066.ton","0066"
"0067.ton","0067"
"0068.ton","0068"
"0069.ton","0069"
"0070.ton","0070"
"0071.ton","0071"
"0072.ton","0072"
"0073.ton","0073"
"0074.ton","0074"
"0075.ton","0075"
"0076.ton","0076"
"0077.ton","0077"
"0078.ton","0078"
"0079.ton","0079"
"0080.ton","0080"
"0081.ton","0081"
"0082.ton","0082"
"0083.ton","0083"
"0084.ton","0084"
"0085.ton","0085"
"0086.ton","0086"
"0087.ton","0087"
"0088.ton","0088"
"0089.ton","0089"
"0090.ton","0090"
"0091.ton","0091"
"0092.ton","0092"
"0093.ton","0093"
"0094.ton","0094"
"0095.ton","0095"
"0096.ton","0096"
"0097.ton","0097"
"0098.ton","0098"
"0099.ton","0099"
"0100.ton","0100"
"0101.ton","0101"
"0102.ton","0102"
"0103.ton","0103"
"0104.ton","0104"
"0105.ton","0105"
"0106.ton","0106"
"0107.ton","0107"
"0108.ton","0108"
"0109.ton","0109"
"0110.ton","0110"
"0111.ton","0111"
"0112.ton","0112"
"0113.ton","0113"
"0114.ton","0114"
"0115.ton","0115"
"0116.ton","0116"
"0117.ton","0117"
"0118.ton","0118"
"0119.ton","0119"
"0120.ton","0120"
"0121.ton","0121"
"0122.ton","0122"
"0123.ton","0123"
"0124.ton","0124"
"0125.ton","0125"
"0126.ton","0126"
"0127.ton","0127"
"0128.ton","0128"
"0129.ton","0129"
"0130.ton","0130"
"0131.ton","0131"
"0132.ton","0132"
"0133.ton","0133"
"0134.ton","0134"
"0135.ton","0135"
"0136.ton","0136"
"0137.ton","0137"
"0138.ton","0138"
"0139.ton","0139"
"0140.ton","0140"
"0141.ton","0141"
"0142.ton","0142"
"0143.ton","0143"
"0144.ton","0144"
"0145.ton","0145"
"0146.ton","0146"
"0147.ton","0147"
"0148.ton","0148"
"0149.ton","0149"
"0150.ton","0150"
"0151.ton","0151"
"0152.ton","0152"
"0153.ton","0153"
"0154.ton","0154"
"0155.ton","0155"
"0156.ton","0156"
"0157.ton","0157"
"0158.ton","0158"
"0159.ton","0159"
"0160.ton","0160"
"0161.ton","0161"
"0162.ton","0162"
"0163.ton","0163"
"0164.ton","0164"
"0165.ton","0165"
"0166.ton","0166"
"0167.ton","0167"
"0168.ton","0168"
"0169.ton","0169"
"0170.ton","0170"
"0171.ton","0171"
"0172.ton","0172"
"0173.ton","0173"
"0174.ton","0174"
"0175.ton","0175"
"0176.ton","0176"
"0177.ton","0177"
"0178.ton","0178"
"0179.ton","0179"
"0180.ton","0180"
"0181.ton","0181"
"0182.ton","0182"
"0183.ton","0183"
"0184.ton","0184"
"0185.ton","0185"
"0186.ton","0186"
"0187.ton","0187"
"0188.ton","0188"
"0189.ton","0189"
"0190.ton","0190"
"0191.ton","0191"
"0192.ton","0192"
"0193.ton","0193"
"0194.ton","0194"
"0195.ton","0195"
"0196.ton","0196"
"0197.ton","0197"
"0198.ton","0198"
"0199.ton","0199"
"0200.ton","0200"
"0201.ton","0201"
"0202.ton","0202"
"0203.ton","0203"
"0204.ton","0204"
"0205.ton","0205"
"0206.ton","0206"
"0207.ton","0207"
"0208.ton","0208"
"0209.ton","0209"
"0210.ton","0210"
"0211.ton","0211"
"0212.ton","0212"
"0213.ton","0213"
"0214.ton","0214"
"0215.ton","0215"
"0216.ton","0216"
"0217.ton","0217"
"0218.ton","0218"
"0219.ton","0219"
"0220.ton","0220"
"0221.ton","0221"
"0222.ton","0222"
"0223.ton","0223"
"0224.ton","0224"
"0225.ton","0225"
"0226.ton","0226"
"0227.ton","0227"
"0228.ton","0228"
"0229.ton","0229"
"0230.ton","0230"
"0231.ton","0231"
"0232.ton","0232"
"0233.ton","0233"
"0234.ton","0234"
"0235.ton","0235"
"0236.ton","0236"
"0237.ton","0237"
"0238.ton","0238"
"0239.ton","0239"
"0240.ton","0240"
"0241.ton","0241"
"0242.ton","0242"
"0243.ton","0243"
"0244.ton","0244"
"0245.ton","0245"
"0246.ton","0246"
"0247.ton","0247"
"0248.ton","0248"
"0249.ton","0249"
"0250.ton","0250"
"0251.ton","0251"
"0252.ton","0252"
"0253.ton","0253"
"0254.ton","0254"
"0255.ton","0255"
"0256.ton","0256"
"0257.ton","0257"
"0258.ton","0258"
"0259.ton","0259"
"0260.ton","0260"
"0261.ton","0261"
"0262.ton","0262"
"0263.ton","0263"
"0264.ton","0264"
"0265.ton","0265"
"0266.ton","0266"
"0267.ton","0267"
"0268.ton","0268"
"0269.ton","0269"
"0270.ton","0270"
"0271.ton","0271"
"0272.ton","0272"
"0273.ton","0273"
"0274.ton","0274"
"0275.ton","0275"
"0276.ton","0276"
"0277.ton","0277"
"0278.ton","0278"
"0279.ton","0279"
"0280.ton","0280"
"0281.ton","0281"
"0282.ton","0282"
"0283.ton","0283"
"0284.ton","0284"
"0285.ton","0285"
"0286.ton","0286"
"0287.ton","0287"
"0288.ton","0288"
"0289.ton","0289"
"0290.ton","0290"
"0291.ton","0291"
"0292.ton","0292"
"0293.ton","0293"
"0294.ton","0294"
"0295.ton","0295"
"0296.ton","0296"
"0297.ton","0297"
"0298.ton","0298"
"0299.ton","0299"
"0300.ton","0300"
"0301.ton","0301"
"0302.ton","0302"
"0303.ton","0303"
"0304.ton","0304"
"0305.ton","0305"
"0306.ton","0306"
"0307.ton","0307"
"0308.ton","0308"
"0309.ton","0309"
"0310.ton","0310"
"0311.ton","0311"
"0312.ton","0312"
"0313.ton","0313"
"0314.ton","0314"
"0315.ton","0315"
"0316.ton","0316"
"0317.ton","0317"
"0318.ton","0318"
"0319.ton","0319"
"0320.ton","0320"
"0321.ton","0321"
"0322.ton","0322"
"0323.ton","0323"
"0324.ton","0324"
"0325.ton","0325"
"0326.ton","0326"
"0327.ton","0327"
"0328.ton","0328"
"0329.ton","0329"
"0330.ton","0330"
"0331.ton","0331"
"0332.ton","0332"
"0333.ton","0333"
"0334.ton","0334"
"0335.ton","0335"
"0336.ton","0336"
"0337.ton","0337"
"0338.ton","0338"
"0339.ton","0339"
"0340.ton","0340"
"0341.ton","0341"
"0342.ton","0342"
"0343.ton","0343"
"0344.ton","0344"
"0345.ton","0345"
"0346.ton","0346"
"0347.ton","0347"
"0348.ton","0348"
"0349.ton","0349"
"0350.ton","0350"
"0351.ton","0351"
"0352.ton","0352"
"0353.ton","0353"
"0354.ton","0354"
"0355.ton","0355"
"0356.ton","0356"
"0357.ton","0357"
"0358.ton","0358"
"0359.ton","0359"
"0360.ton","0360"
"0361.ton","0361"
"0362.ton","0362"
"0363.ton","0363"
"0364.ton","0364"
"0365.ton","0365"
"0366.ton","0366"
"0367.ton","0367"
"0368.ton","0368"
"0369.ton","0369"
"0370.ton","0370"
"0371.ton","0371"
"0372.ton","0372"
"0373.ton","0373"
"0374.ton","0374"
"0375.ton","0375"
"0376.ton","0376"
"0377.ton","0377"
"0378.ton","0378"
"0379.ton","0379"
"0380.ton","0380"
"0381.ton","0381"
"0382.ton","0382"
"0383.ton","0383"
"0384.ton","0384"
"0385.ton","0385"
"0386.ton","0386"
"0387.ton","0387"
"0388.ton","0388"
"0389.ton","0389"
"0390.ton","0390"
"0391.ton","0391"
"0392.ton","0392"
"0393.ton","0393"
"0394.ton","0394"
"0395.ton","0395"
"0396.ton","0396"
"0397.ton","0397"
"0398.ton","0398"
"0399.ton","0399"
"0400.ton","0400"
"0401.ton","0401"
"0402.ton","0402"
"0403.ton","0403"
"0404.ton","0404"
"0405.ton","0405"
"0406.ton","0406"
"0407.ton","0407"
"0408.ton","0408"
"0409.ton","0409"
"0410.ton","0410"
"0411.ton","0411"
"0412.ton","0412"
"0413.ton","0413"
"0414.ton","0414"
"0415.ton","0415"
"0416.ton","0416"
"0417.ton","0417"
"0418.ton","0418"
"0419.ton","0419"
"0420.ton","0420"
"0421.ton","0421"
"0422.ton","0422"
"0423.ton","0423"
"0424.ton","0424"
"0425.ton","0425"
"0426.ton","0426"
"0427.ton","0427"
"0428.ton","0428"
"0429.ton","0429"
"0430.ton","0430"
"0431.ton","0431"
"0432.ton","0432"
"0433.ton","0433"
"0434.ton","0434"
"0435.ton","0435"
"0436.ton","0436"
"0437.ton","0437"
"0438.ton","0438"
"0439.ton","0439"
"0440.ton","0440"
"0441.ton","0441"
"0442.ton","0442"
"0443.ton","0443"
"0444.ton","0444"
"0445.ton","0445"
"0446.ton","0446"
"0447.ton","0447"
"0448.ton","0448"
"0449.ton","0449"
"0450.ton","0450"
"0451.ton","0451"
"0452.ton","0452"
"0453.ton","0453"
"0454.ton","0454"
"0455.ton","0455"
"0456.ton","0456"
"0457.ton","0457"
"0458.ton","0458"
"0459.ton","0459"
"0460.ton","0460"
"0461.ton","0461"
"0462.ton","0462"
"0463.ton","0463"
"0464.ton","0464"
"0465.ton","0465"
"0466.ton","0466"
"0467.ton","0467"
"0468.ton","0468"
"0469.ton","0469"
"0470.ton","0470"
"0471.ton","0471"
"0472.ton","0472"
"0473.ton","0473"
"0474.ton","0474"
"0475.ton","0475"
"0476.ton","0476"
"0477.ton","0477"
"0478.ton","0478"
"0479.ton","0479"
"0480.ton","0480"
"0481.ton","0481"
"0482.ton","0482"
"0483.ton","0483"
"0484.ton","0484"
"0485.ton","0485"
"0486.ton","0486"
"0487.ton","0487"
"0488.ton","0488"
"0489.ton","0489"
"0490.ton","0490"
"0491.ton","0491"
"0492.ton","0492"
"0493.ton","0493"
"0494.ton","0494"
"0495.ton","0495"
"0496.ton","0496"
"0497.ton","0497"
"0498.ton","0498"
"0499.ton","0499"
"0500.ton","0500"
"0501.ton","0501"
"0502.ton","0502"
"0503.ton","0503"
"0504.ton","0504"
"0505.ton","0505"
"0506.ton","0506"
"0507.ton","0507"
"0508.ton","0508"
"0509.ton","0509"
"0510.ton","0510"
"0511.ton","0511"
"0512.ton","0512"
"0513.ton","0513"
"0514.ton","0514"
"0515.ton","0515"
"0516.ton","0516"
"0517.ton","0517"
"0518.ton","0518"
"0519.ton","0519"
"0520.ton","0520"
"0521.ton","0521"
"0522.ton","0522"
"0523.ton","0523"
"0524.ton","0524"
"0525.ton","0525"
"0526.ton","0526"
"0527.ton","0527"
"0528.ton","0528"
"0529.ton","0529"
"0530.ton","0530"
"0531.ton","0531"
"0532.ton","0532"
"0533.ton","0533"
"0534.ton","0534"
"0535.ton","0535"
"0536.ton","0536"
"0537.ton","0537"
"0538.ton","0538"
"0539.ton","0539"
"0540.ton","0540"
"0541.ton","0541"
"0542.ton","0542"
"0543.ton","0543"
"0544.ton","0544"
"0545.ton","0545"
"0546.ton","0546"
"0547.ton","0547"
"0548.ton","0548"
"0549.ton","0549"
"0550.ton","0550"
"0551.ton","0551"
"0552.ton","0552"
"0553.ton","0553"
"0554.ton","0554"
"0555.ton","0555"
"0556.ton","0556"
"0557.ton","0557"
"0558.ton","0558"
"0559.ton","0559"
"0560.ton","0560"
"0561.ton","0561"
"0562.ton","0562"
"0563.ton","0563"
"0564.ton","0564"
"0565.ton","0565"
"0566.ton","0566"
"0567.ton","0567"
"0568.ton","0568"
"0569.ton","0569"
"0570.ton","0570"
"0571.ton","0571"
"0572.ton","0572"
"0573.ton","0573"
"0574.ton","0574"
"0575.ton","0575"
"0576.ton","0576"
"0577.ton","0577"
"0578.ton","0578"
"0579.ton","0579"
"0580.ton","0580"
"0581.ton","0581"
"0582.ton","0582"
"0583.ton","0583"
"0584.ton","0584"
"0585.ton","0585"
"0586.ton","0586"
"0587.ton","0587"
"0588.ton","0588"
"0589.ton","0589"
"0590.ton","0590"
"0591.ton","0591"
"0592.ton","0592"
"0593.ton","0593"
"0594.ton","0594"
"0595.ton","0595"
"0596.ton","0596"
"0597.ton","0597"
"0598.ton","0598"
"0599.ton","0599"
"0600.ton","0600"
"0601.ton","0601"
"0602.ton","0602"
"0603.ton","0603"
"0604.ton","0604"
"0605.ton","0605"
"0606.ton","0606"
"0607.ton","0607"
"0608.ton","0608"
"0609.ton","0609"
"0610.ton","0610"
"0611.ton","0611"
"0612.ton","0612"
"0613.ton","0613"
"0614.ton","0614"
"0615.ton","0615"
"0616.ton","0616"
"0617.ton","0617"
"0618.ton","0618"
"0619.ton","0619"
"0620.ton","0620"
"0621.ton","0621"
"0622.ton","0622"
"0623.ton","0623"
"0624.ton","0624"
"0625.ton","0625"
"0626.ton","0626"
"0627.ton","0627"
"0628.ton","0628"
"0629.ton","0629"
"0630.ton","0630"
"0631.ton","0631"
"0632.ton","0632"
"0633.ton","0633"
"0634.ton","0634"
"0635.ton","0635"
"0636.ton","0636"
"0637.ton","0637"
"0638.ton","0638"
"0639.ton","0639"
"0640.ton","0640"
"0641.ton","0641"
"0642.ton","0642"
"0643.ton","0643"
"0644.ton","0644"
"0645.ton","0645"
"0646.ton","0646"
"0647.ton","0647"
"0648.ton","0648"
"0649.ton","0649"
"0650.ton","0650"
"0651.ton","0651"
"0652.ton","0652"
"0653.ton","0653"
"0654.ton","0654"
"0655.ton","0655"
"0656.ton","0656"
"0657.ton","0657"
"0658.ton","0658"
"0659.ton","0659"
"0660.ton","0660"
"0661.ton","0661"
"0662.ton","0662"
"0663.ton","0663"
"0664.ton","0664"
"0665.ton","0665"
"0666.ton","0666"
"0667.ton","0667"
"0668.ton","0668"
"0669.ton","0669"
"0670.ton","0670"
"0671.ton","0671"
"0672.ton","0672"
"0673.ton","0673"
"0674.ton","0674"
"0675.ton","0675"
"0676.ton","0676"
"0677.ton","0677"
"0678.ton","0678"
"0679.ton","0679"
"0680.ton","0680"
"0681.ton","0681"
"0682.ton","0682"
"0683.ton","0683"
"0684.ton","0684"
"0685.ton","0685"
"0686.ton","0686"
"0687.ton","0687"
"0688.ton","0688"
"0689.ton","0689"
"0690.ton","0690"
"0691.ton","0691"
"0692.ton","0692"
"0693.ton","0693"
"0694.ton","0694"
"0695.ton","0695"
"0696.ton","0696"
"0697.ton","0697"
"0698.ton","0698"
"0699.ton","0699"
"0700.ton","0700"
"0701.ton","0701"
"0702.ton","0702"
"0703.ton","0703"
"0704.ton","0704"
"0705.ton","0705"
"0706.ton","0706"
"0707.ton","0707"
"0708.ton","0708"
"0709.ton","0709"
"0710.ton","0710"
"0711.ton","0711"
"0712.ton","0712"
"0713.ton","0713"
"0714.ton","0714"
"0715.ton","0715"
"0716.ton","0716"
"0717.ton","0717"
"0718.ton","0718"
"0719.ton","0719"
"0720.ton","0720"
"0721.ton","0721"
"0722.ton","0722"
"0723.ton","0723"
"0724.ton","0724"
"0725.ton","0725"
"0726.ton","0726"
"0727.ton","0727"
"0728.ton","0728"
"0729.ton","0729"
"0730.ton","0730"
"0731.ton","0731"
"0732.ton","0732"
"0733.ton","0733"
"0734.ton","0734"
"0735.ton","0735"
"0736.ton","0736"
"0737.ton","0737"
"0738.ton","0738"
"0739.ton","0739"
"0740.ton","0740"
"0741.ton","0741"
"0742.ton","0742"
"0743.ton","0743"
"0744.ton","0744"
"0745.ton","0745"
"0746.ton","0746"
"0747.ton","0747"
"0748.ton","0748"
"0749.ton","0749"
"0750.ton","0750"
"0751.ton","0751"
"0752.ton","0752"
"0753.ton","0753"
"0754.ton","0754"
"0755.ton","0755"
"0756.ton","0756"
"0757.ton","0757"
"0758.ton","0758"
"0759.ton","0759"
"0760.ton","0760"
"0761.ton","0761"
"0762.ton","0762"
"0763.ton","0763"
"0764.ton","0764"
"0765.ton","0765"
"0766.ton","0766"
"0767.ton","0767"
"0768.ton","0768"
"0769.ton","0769"
"0770.ton","0770"
"0771.ton","0771"
"0772.ton","0772"
"0773.ton","0773"
"0774.ton","0774"
"0775.ton","0775"
"0776.ton","0776"
"0777.ton","0777"
"0778.ton","0778"
"0779.ton","0779"
"0780.ton","0780"
"0781.ton","0781"
"0782.ton","0782"
"0783.ton","0783"
"0784.ton","0784"
"0785.ton","0785"
"0786.ton","0786"
"0787.ton","0787"
"0788.ton","0788"
"0789.ton","0789"
"0790.ton","0790"
"0791.ton","0791"
"0792.ton","0792"
"0793.ton","0793"
"0794.ton","0794"
"0795.ton","0795"
"0796.ton","0796"
"0797.ton","0797"
"0798.ton","0798"
"0799.ton","0799"
"0800.ton","0800"
"0801.ton","0801"
"0802.ton","0802"
"0803.ton","0803"
"0804.ton","0804"
"0805.ton","0805"
"0806.ton","0806"
"0807.ton","0807"
"0808.ton","0808"
"0809.ton","0809"
"0810.ton","0810"
"0811.ton","0811"
"0812.ton","0812"
"0813.ton","0813"
"0814.ton","0814"
"0815.ton","0815"
"0816.ton","0816"
"0817.ton","0817"
"0818.ton","0818"
"0819.ton","0819"
"0820.ton","0820"
"0821.ton","0821"
"0822.ton","0822"
"0823.ton","0823"
"0824.ton","0824"
"0825.ton","0825"
"0826.ton","0826"
"0827.ton","0827"
"0828.ton","0828"
"0829.ton","0829"
"0830.ton","0830"
"0831.ton","0831"
"0832.ton","0832"
"0833.ton","0833"
"0834.ton","0834"
"0835.ton","0835"
"0836.ton","0836"
"0837.ton","0837"
"0838.ton","0838"
"0839.ton","0839"
"0840.ton","0840"
"0841.ton","0841"
"0842.ton","0842"
"0843.ton","0843"
"0844.ton","0844"
"0845.ton","0845"
"0846.ton","0846"
"0847.ton","0847"
"0848.ton","0848"
"0849.ton","0849"
"0850.ton","0850"
"0851.ton","0851"
"0852.ton","0852"
"0853.ton","0853"
"0854.ton","0854"
"0855.ton","0855"
"0856.ton","0856"
"0857.ton","0857"
"0858.ton","0858"
"0859.ton","0859"
"0860.ton","0860"
"0861.ton","0861"
"0862.ton","0862"
"0863.ton","0863"
"0864.ton","0864"
"0865.ton","0865"
"0866.ton","0866"
"0867.ton","0867"
"0868.ton","0868"
"0869.ton","0869"
"0870.ton","0870"
"0871.ton","0871"
"0872.ton","0872"
"0873.ton","0873"
"0874.ton","0874"
"0875.ton","0875"
"0876.ton","0876"
"0877.ton","0877"
"0878.ton","0878"
"0879.ton","0879"
"0880.ton","0880"
"0881.ton","0881"
"0882.ton","0882"
"0883.ton","0883"
"0884.ton","0884"
"0885.ton","0885"
"0886.ton","0886"
"0887.ton","0887"
"0888.ton","0888"
"0889.ton","0889"
"0890.ton","0890"
"0891.ton","0891"
"0892.ton","0892"
"0893.ton","0893"
"0894.ton","0894"
"0895.ton","0895"
"0896.ton","0896"
"0897.ton","0897"
"0898.ton","0898"
"0899.ton","0899"
"0900.ton","0900"
"0901.ton","0901"
"0902.ton","0902"
"0903.ton","0903"
"0904.ton","0904"
"0905.ton","0905"
"0906.ton","0906"
"0907.ton","0907"
"0908.ton","0908"
"0909.ton","0909"
"0910.ton","0910"
"0911.ton","0911"
"0912.ton","0912"
"0913.ton","0913"
"0914.ton","0914"
"0915.ton","0915"
"0916.ton","0916"
"0917.ton","0917"
"0918.ton","0918"
"0919.ton","0919"
"0920.ton","0920"
"0921.ton","0921"
"0922.ton","0922"
"0923.ton","0923"
"0924.ton","0924"
"0925.ton","0925"
"0926.ton","0926"
"0927.ton","0927"
"0928.ton","0928"
"0929.ton","0929"
"0930.ton","0930"
"0931.ton","0931"
"0932.ton","0932"
"0933.ton","0933"
"0934.ton","0934"
"0935.ton","0935"
"0936.ton","0936"
"0937.ton","0937"
"0938.ton","0938"
"0939.ton","0939"
"0940.ton","0940"
"0941.ton","0941"
"0942.ton","0942"
"0943.ton","0943"
"0944.ton","0944"
"0945.ton","0945"
"0946.ton","0946"
"0947.ton","0947"
"0948.ton","0948"
"0949.ton","0949"
"0950.ton","0950"
"0951.ton","0951"
"0952.ton","0952"
"0953.ton","0953"
"0954.ton","0954"
"0955.ton","0955"
"0956.ton","0956"
"0957.ton","0957"
"0958.ton","0958"
"0959.ton","0959"
"0960.ton","0960"
"0961.ton","0961"
"0962.ton","0962"
"0963.ton","0963"
"0964.ton","0964"
"0965.ton","0965"
"0966.ton","0966"
"0967.ton","0967"
"0968.ton","0968"
"0969.ton","0969"
"0970.ton","0970"
"0971.ton","0971"
"0972.ton","0972"
"0973.ton","0973"
"0974.ton","0974"
"0975.ton","0975"
"0976.ton","0976"
"0977.ton","0977"
"0978.ton","0978"
"0979.ton","0979"
"0980.ton","0980"
"0981.ton","0981"
"0982.ton","0982"
"0983.ton","0983"
"0984.ton","0984"
"0985.ton","0985"
"0986.ton","0986"
"0987.ton","0987"
"0988.ton","0988"
"0989.ton","0989"
"0990.ton","0990"
"0991.ton","0991"
"0992.ton","0992"
"0993.ton","0993"
"0994.ton","0994"
"0995.ton","0995"
"0996.ton","0996"
"0997.ton","0997"
"0998.ton","0998"
"0999.ton","0999"
"1000.ton","1000"
"1001.ton","1001"
"1002.ton","1002"
"1003.ton","1003"
"1004.ton","1004"
"1005.ton","1005"
"1006.ton","1006"
"1007.ton","1007"
"1008.ton","1008"
"1009.ton","1009"
"1010.ton","1010"
"1011.ton","1011"
"1012.ton","1012"
"1013.ton","1013"
"1014.ton","1014"
"1015.ton","1015"
"1016.ton","1016"
"1017.ton","1017"
"1018.ton","1018"
"1019.ton","1019"
"1020.ton","1020"
"1021.ton","1021"
"1022.ton","1022"
"1023.ton","1023"
"1024.ton","1024"
"1025.ton","1025"
"1026.ton","1026"
"1027.ton","1027"
"1028.ton","1028"
"1029.ton","1029"
"1030.ton","1030"
"1031.ton","1031"
"1032.ton","1032"
"1033.ton","1033"
"1034.ton","1034"
"1035.ton","1035"
"1036.ton","1036"
"1037.ton","1037"
"1038.ton","1038"
"1039.ton","1039"
"1040.ton","1040"
"1041.ton","1041"
"1042.ton","1042"
"1043.ton","1043"
"1044.ton","1044"
"1045.ton","1045"
"1046.ton","1046"
"1047.ton","1047"
"1048.ton","1048"
"1049.ton","1049"
"1050.ton","1050"
"1051.ton","1051"
"1052.ton","1052"
"1053.ton","1053"
"1054.ton","1054"
"1055.ton","1055"
"1056.ton","1056"
"1057.ton","1057"
"1058.ton","1058"
"1059.ton","1059"
"1060.ton","1060"
"1061.ton","1061"
"1062.ton","1062"
"1063.ton","1063"
"1064.ton","1064"
"1065.ton","1065"
"1066.ton","1066"
"1067.ton","1067"
"1068.ton","1068"
"1069.ton","1069"
"1070.ton","1070"
"1071.ton","1071"
"1072.ton","1072"
"1073.ton","1073"
"1074.ton","1074"
"1075.ton","1075"
"1076.ton","1076"
"1077.ton","1077"
"1078.ton","1078"
"1079.ton","1079"
"1080.ton","1080"
"1081.ton","1081"
"1082.ton","1082"
"1083.ton","1083"
"1084.ton","1084"
"1085.ton","1085"
"1086.ton","1086"
"1087.ton","1087"
"1088.ton","1088"
"1089.ton","1089"
"1090.ton","1090"
"1091.ton","1091"
"1092.ton","1092"
"1093.ton","1093"
"1094.ton","1094"
"1095.ton","1095"
"1096.ton","1096"
"1097.ton","1097"
"1098.ton","1098"
"1099.ton","1099"
"1100.ton","1100"
"1101.ton","1101"
"1102.ton","1102"
"1103.ton","1103"
"1104.ton","1104"
"1105.ton","1105"
"1106.ton","1106"
"1107.ton","1107"
"1108.ton","1108"
"1109.ton","1109"
"1110.ton","1110"
"1111.ton","1111"
"1112.ton","1112"
"1113.ton","1113"
"1114.ton","1114"
"1115.ton","1115"
"1116.ton","1116"
"1117.ton","1117"
"1118.ton","1118"
"1119.ton","1119"
"1120.ton","1120"
"1121.ton","1121"
"1122.ton","1122"
"1123.ton","1123"
"1124.ton","1124"
"1125.ton","1125"
"1126.ton","1126"
"1127.ton","1127"
"1128.ton","1128"
"1129.ton","1129"
"1130.ton","1130"
"1131.ton","1131"
"1132.ton","1132"
"1133.ton","1133"
"1134.ton","1134"
"1135.ton","1135"
"1136.ton","1136"
"1137.ton","1137"
"1138.ton","1138"
"1139.ton","1139"
"1140.ton","1140"
"1141.ton","1141"
"1142.ton","1142"
"1143.ton","1143"
"1144.ton","1144"
"1145.ton","1145"
"1146.ton","1146"
"1147.ton","1147"
"1148.ton","1148"
"1149.ton","1149"
"1150.ton","1150"
"1151.ton","1151"
"1152.ton","1152"
"1153.ton","1153"
"1154.ton","1154"
"1155.ton","1155"
"1156.ton","1156"
"1157.ton","1157"
"1158.ton","1158"
"1159.ton","1159"
"1160.ton","1160"
"1161.ton","1161"
"1162.ton","1162"
"1163.ton","1163"
"1164.ton","1164"
"1165.ton","1165"
"1166.ton","1166"
"1167.ton","1167"
"1168.ton","1168"
"1169.ton","1169"
"1170.ton","1170"
"1171.ton","1171"
"1172.ton","1172"
"1173.ton","1173"
"1174.ton","1174"
"1175.ton","1175"
"1176.ton","1176"
"1177.ton","1177"
"1178.ton","1178"
"1179.ton","1179"
"1180.ton","1180"
"1181.ton","1181"
"1182.ton","1182"
"1183.ton","1183"
"1184.ton","1184"
"1185.ton","1185"
"1186.ton","1186"
"1187.ton","1187"
"1188.ton","1188"
"1189.ton","1189"
"1190.ton","1190"
"1191.ton","1191"
"1192.ton","1192"
"1193.ton","1193"
"1194.ton","1194"
"1195.ton","1195"
"1196.ton","1196"
"1197.ton","1197"
"1198.ton","1198"
"1199.ton","1199"
"1200.ton","1200"
"1201.ton","1201"
"1202.ton","1202"
"1203.ton","1203"
"1204.ton","1204"
"1205.ton","1205"
"1206.ton","1206"
"1207.ton","1207"
"1208.ton","1208"
"1209.ton","1209"
"1210.ton","1210"
"1211.ton","1211"
"1212.ton","1212"
"1213.ton","1213"
"1214.ton","1214"
"1215.ton","1215"
"1216.ton","1216"
"1217.ton","1217"
"1218.ton","1218"
"1219.ton","1219"
"1220.ton","1220"
"1221.ton","1221"
"1222.ton","1222"
"1223.ton","1223"
"1224.ton","1224"
"1225.ton","1225"
"1226.ton","1226"
"1227.ton","1227"
"1228.ton","1228"
"1229.ton","1229"
"1230.ton","1230"
"1231.ton","1231"
"1232.ton","1232"
"1233.ton","1233"
"1234.ton","1234"
"1235.ton","1235"
"1236.ton","1236"
"1237.ton","1237"
"1238.ton","1238"
"1239.ton","1239"
"1240.ton","1240"
"1241.ton","1241"
"1242.ton","1242"
"1243.ton","1243"
"1244.ton","1244"
"1245.ton","1245"
"1246.ton","1246"
"1247.ton","1247"
"1248.ton","1248"
"1249.ton","1249"
"1250.ton","1250"
"1251.ton","1251"
"1252.ton","1252"
"1253.ton","1253"
"1254.ton","1254"
"1255.ton","1255"
"1256.ton","1256"
"1257.ton","1257"
"1258.ton","1258"
"1259.ton","1259"
"1260.ton","1260"
"1261.ton","1261"
"1262.ton","1262"
"1263.ton","1263"
"1264.ton","1264"
"1265.ton","1265"
"1266.ton","1266"
"1267.ton","1267"
"1268.ton","1268"
"1269.ton","1269"
"1270.ton","1270"
"1271.ton","1271"
"1272.ton","1272"
"1273.ton","1273"
"1274.ton","1274"
"1275.ton","1275"
"1276.ton","1276"
"1277.ton","1277"
"1278.ton","1278"
"1279.ton","1279"
"1280.ton","1280"
"1281.ton","1281"
"1282.ton","1282"
"1283.ton","1283"
"1284.ton","1284"
"1285.ton","1285"
"1286.ton","1286"
"1287.ton","1287"
"1288.ton","1288"
"1289.ton","1289"
"1290.ton","1290"
"1291.ton","1291"
"1292.ton","1292"
"1293.ton","1293"
"1294.ton","1294"
"1295.ton","1295"
"1296.ton","1296"
"1297.ton","1297"
"1298.ton","1298"
"1299.ton","1299"
"1300.ton","1300"
"1301.ton","1301"
"1302.ton","1302"
"1303.ton","1303"
"1304.ton","1304"
"1305.ton","1305"
"1306.ton","1306"
"1307.ton","1307"
"1308.ton","1308"
"1309.ton","1309"
"1310.ton","1310"
"1311.ton","1311"
"1312.ton","1312"
"1313.ton","1313"
"1314.ton","1314"
"1315.ton","1315"
"1316.ton","1316"
"1317.ton","1317"
"1318.ton","1318"
"1319.ton","1319"
"1320.ton","1320"
"1321.ton","1321"
"1322.ton","1322"
"1323.ton","1323"
"1324.ton","1324"
"1325.ton","1325"
"1326.ton","1326"
"1327.ton","1327"
"1328.ton","1328"
"1329.ton","1329"
"1330.ton","1330"
"1331.ton","1331"
"1332.ton","1332"
"1333.ton","1333"
"1334.ton","1334"
"1335.ton","1335"
"1336.ton","1336"
"1337.ton","1337"
"1338.ton","1338"
"1339.ton","1339"
"1340.ton","1340"
"1341.ton","1341"
"1342.ton","1342"
"1343.ton","1343"
"1344.ton","1344"
"1345.ton","1345"
"1346.ton","1346"
"1347.ton","1347"
"1348.ton","1348"
"1349.ton","1349"
"1350.ton","1350"
"1351.ton","1351"
"1352.ton","1352"
"1353.ton","1353"
"1354.ton","1354"
"1355.ton","1355"
"1356.ton","1356"
"1357.ton","1357"
"1358.ton","1358"
"1359.ton","1359"
"1360.ton","1360"
"1361.ton","1361"
"1362.ton","1362"
"1363.ton","1363"
"1364.ton","1364"
"1365.ton","1365"
"1366.ton","1366"
"1367.ton","1367"
"1368.ton","1368"
"1369.ton","1369"
"1370.ton","1370"
"1371.ton","1371"
"1372.ton","1372"
"1373.ton","1373"
"1374.ton","1374"
"1375.ton","1375"
"1376.ton","1376"
"1377.ton","1377"
"1378.ton","1378"
"1379.ton","1379"
"1380.ton","1380"
"1381.ton","1381"
"1382.ton","1382"
"1383.ton","1383"
"1384.ton","1384"
"1385.ton","1385"
"1386.ton","1386"
"1387.ton","1387"
"1388.ton","1388"
"1389.ton","1389"
"1390.ton","1390"
"1391.ton","1391"
"1392.ton","1392"
"1393.ton","1393"
"1394.ton","1394"
"1395.ton","1395"
"1396.ton","1396"
"1397.ton","1397"
"1398.ton","1398"
"1399.ton","1399"
"1400.ton","1400"
"1401.ton","1401"
"1402.ton","1402"
"1403.ton","1403"
"1404.ton","1404"
"1405.ton","1405"
"1406.ton","1406"
"1407.ton","1407"
"1408.ton","1408"
"1409.ton","1409"
"1410.ton","1410"
"1411.ton","1411"
"1412.ton","1412"
"1413.ton","1413"
"1414.ton","1414"
"1415.ton","1415"
"1416.ton","1416"
"1417.ton","1417"
"1418.ton","1418"
"1419.ton","1419"
"1420.ton","1420"
"1421.ton","1421"
"1422.ton","1422"
"1423.ton","1423"
"1424.ton","1424"
"1425.ton","1425"
"1426.ton","1426"
"1427.ton","1427"
"1428.ton","1428"
"1429.ton","1429"
"1430.ton","1430"
"1431.ton","1431"
"1432.ton","1432"
"1433.ton","1433"
"1434.ton","1434"
"1435.ton","1435"
"1436.ton","1436"
"1437.ton","1437"
"1438.ton","1438"
"1439.ton","1439"
"1440.ton","1440"
"1441.ton","1441"
"1442.ton","1442"
"1443.ton","1443"
"1444.ton","1444"
"1445.ton","1445"
"1446.ton","1446"
"1447.ton","1447"
"1448.ton","1448"
"1449.ton","1449"
"1450.ton","1450"
"1451.ton","1451"
"1452.ton","1452"
"1453.ton","1453"
"1454.ton","1454"
"1455.ton","1455"
"1456.ton","1456"
"1457.ton","1457"
"1458.ton","1458"
"1459.ton","1459"
"1460.ton","1460"
"1461.ton","1461"
"1462.ton","1462"
"1463.ton","1463"
"1464.ton","1464"
"1465.ton","1465"
"1466.ton","1466"
"1467.ton","1467"
"1468.ton","1468"
"1469.ton","1469"
"1470.ton","1470"
"1471.ton","1471"
"1472.ton","1472"
"1473.ton","1473"
"1474.ton","1474"
"1475.ton","1475"
"1476.ton","1476"
"1477.ton","1477"
"1478.ton","1478"
"1479.ton","1479"
"1480.ton","1480"
"1481.ton","1481"
"1482.ton","1482"
"1483.ton","1483"
"1484.ton","1484"
"1485.ton","1485"
"1486.ton","1486"
"1487.ton","1487"
"1488.ton","1488"
"1489.ton","1489"
"1490.ton","1490"
"1491.ton","1491"
"1492.ton","1492"
"1493.ton","1493"
"1494.ton","1494"
"1495.ton","1495"
"1496.ton","1496"
"1497.ton","1497"
"1498.ton","1498"
"1499.ton","1499"
"1500.ton","1500"
"1501.ton","1501"
"1502.ton","1502"
"1503.ton","1503"
"1504.ton","1504"
"1505.ton","1505"
"1506.ton","1506"
"1507.ton","1507"
"1508.ton","1508"
"1509.ton","1509"
"1510.ton","1510"
"1511.ton","1511"
"1512.ton","1512"
"1513.ton","1513"
"1514.ton","1514"
"1515.ton","1515"
"1516.ton","1516"
"1517.ton","1517"
"1518.ton","1518"
"1519.ton","1519"
"1520.ton","1520"
"1521.ton","1521"
"1522.ton","1522"
"1523.ton","1523"
"1524.ton","1524"
"1525.ton","1525"
"1526.ton","1526"
"1527.ton","1527"
"1528.ton","1528"
"1529.ton","1529"
"1530.ton","1530"
"1531.ton","1531"
"1532.ton","1532"
"1533.ton","1533"
"1534.ton","1534"
"1535.ton","1535"
"1536.ton","1536"
"1537.ton","1537"
"1538.ton","1538"
"1539.ton","1539"
"1540.ton","1540"
"1541.ton","1541"
"1542.ton","1542"
"1543.ton","1543"
"1544.ton","1544"
"1545.ton","1545"
"1546.ton","1546"
"1547.ton","1547"
"1548.ton","1548"
"1549.ton","1549"
"1550.ton","1550"
"1551.ton","1551"
"1552.ton","1552"
"1553.ton","1553"
"1554.ton","1554"
"1555.ton","1555"
"1556.ton","1556"
"1557.ton","1557"
"1558.ton","1558"
"1559.ton","1559"
"1560.ton","1560"
"1561.ton","1561"
"1562.ton","1562"
"1563.ton","1563"
"1564.ton","1564"
"1565.ton","1565"
"1566.ton","1566"
"1567.ton","1567"
"1568.ton","1568"
"1569.ton","1569"
"1570.ton","1570"
"1571.ton","1571"
"1572.ton","1572"
"1573.ton","1573"
"1574.ton","1574"
"1575.ton","1575"
"1576.ton","1576"
"1577.ton","1577"
"1578.ton","1578"
"1579.ton","1579"
"1580.ton","1580"
"1581.ton","1581"
"1582.ton","1582"
"1583.ton","1583"
"1584.ton","1584"
"1585.ton","1585"
"1586.ton","1586"
"1587.ton","1587"
"1588.ton","1588"
"1589.ton","1589"
"1590.ton","1590"
"1591.ton","1591"
"1592.ton","1592"
"1593.ton","1593"
"1594.ton","1594"
"1595.ton","1595"
"1596.ton","1596"
"1597.ton","1597"
"1598.ton","1598"
"1599.ton","1599"
"1600.ton","1600"
"1601.ton","1601"
"1602.ton","1602"
"1603.ton","1603"
"1604.ton","1604"
"1605.ton","1605"
"1606.ton","1606"
"1607.ton","1607"
"1608.ton","1608"
"1609.ton","1609"
"1610.ton","1610"
"1611.ton","1611"
"1612.ton","1612"
"1613.ton","1613"
"1614.ton","1614"
"1615.ton","1615"
"1616.ton","1616"
"1617.ton","1617"
"1618.ton","1618"
"1619.ton","1619"
"1620.ton","1620"
"1621.ton","1621"
"1622.ton","1622"
"1623.ton","1623"
"1624.ton","1624"
"1625.ton","1625"
"1626.ton","1626"
"1627.ton","1627"
"1628.ton","1628"
"1629.ton","1629"
"1630.ton","1630"
"1631.ton","1631"
"1632.ton","1632"
"1633.ton","1633"
"1634.ton","1634"
"1635.ton","1635"
"1636.ton","1636"
"1637.ton","1637"
"1638.ton","1638"
"1639.ton","1639"
"1640.ton","1640"
"1641.ton","1641"
"1642.ton","1642"
"1643.ton","1643"
"1644.ton","1644"
"1645.ton","1645"
"1646.ton","1646"
"1647.ton","1647"
"1648.ton","1648"
"1649.ton","1649"
"1650.ton","1650"
"1651.ton","1651"
"1652.ton","1652"
"1653.ton","1653"
"1654.ton","1654"
"1655.ton","1655"
"1656.ton","1656"
"1657.ton","1657"
"1658.ton","1658"
"1659.ton","1659"
"1660.ton","1660"
"1661.ton","1661"
"1662.ton","1662"
"1663.ton","1663"
"1664.ton","1664"
"1665.ton","1665"
"1666.ton","1666"
"1667.ton","1667"
"1668.ton","1668"
"1669.ton","1669"
"1670.ton","1670"
"1671.ton","1671"
"1672.ton","1672"
"1673.ton","1673"
"1674.ton","1674"
"1675.ton","1675"
"1676.ton","1676"
"1677.ton","1677"
"1678.ton","1678"
"1679.ton","1679"
"1680.ton","1680"
"1681.ton","1681"
"1682.ton","1682"
"1683.ton","1683"
"1684.ton","1684"
"1685.ton","1685"
"1686.ton","1686"
"1687.ton","1687"
"1688.ton","1688"
"1689.ton","1689"
"1690.ton","1690"
"1691.ton","1691"
"1692.ton","1692"
"1693.ton","1693"
"1694.ton","1694"
"1695.ton","1695"
"1696.ton","1696"
"1697.ton","1697"
"1698.ton","1698"
"1699.ton","1699"
"1700.ton","1700"
"1701.ton","1701"
"1702.ton","1702"
"1703.ton","1703"
"1704.ton","1704"
"1705.ton","1705"
"1706.ton","1706"
"1707.ton","1707"
"1708.ton","1708"
"1709.ton","1709"
"1710.ton","1710"
"1711.ton","1711"
"1712.ton","1712"
"1713.ton","1713"
"1714.ton","1714"
"1715.ton","1715"
"1716.ton","1716"
"1717.ton","1717"
"1718.ton","1718"
"1719.ton","1719"
"1720.ton","1720"
"1721.ton","1721"
"1722.ton","1722"
"1723.ton","1723"
"1724.ton","1724"
"1725.ton","1725"
"1726.ton","1726"
"1727.ton","1727"
"1728.ton","1728"
"1729.ton","1729"
"1730.ton","1730"
"1731.ton","1731"
"1732.ton","1732"
"1733.ton","1733"
"1734.ton","1734"
"1735.ton","1735"
"1736.ton","1736"
"1737.ton","1737"
"1738.ton","1738"
"1739.ton","1739"
"1740.ton","1740"
"1741.ton","1741"
"1742.ton","1742"
"1743.ton","1743"
"1744.ton","1744"
"1745.ton","1745"
"1746.ton","1746"
"1747.ton","1747"
"1748.ton","1748"
"1749.ton","1749"
"1750.ton","1750"
"1751.ton","1751"
"1752.ton","1752"
"1753.ton","1753"
"1754.ton","1754"
"1755.ton","1755"
"1756.ton","1756"
"1757.ton","1757"
"1758.ton","1758"
"1759.ton","1759"
"1760.ton","1760"
"1761.ton","1761"
"1762.ton","1762"
"1763.ton","1763"
"1764.ton","1764"
"1765.ton","1765"
"1766.ton","1766"
"1767.ton","1767"
"1768.ton","1768"
"1769.ton","1769"
"1770.ton","1770"
"1771.ton","1771"
"1772.ton","1772"
"1773.ton","1773"
"1774.ton","1774"
"1775.ton","1775"
"1776.ton","1776"
"1777.ton","1777"
"1778.ton","1778"
"1779.ton","1779"
"1780.ton","1780"
"1781.ton","1781"
"1782.ton","1782"
"1783.ton","1783"
"1784.ton","1784"
"1785.ton","1785"
"1786.ton","1786"
"1787.ton","1787"
"1788.ton","1788"
"1789.ton","1789"
"1790.ton","1790"
"1791.ton","1791"
"1792.ton","1792"
"1793.ton","1793"
"1794.ton","1794"
"1795.ton","1795"
"1796.ton","1796"
"1797.ton","1797"
"1798.ton","1798"
"1799.ton","1799"
"1800.ton","1800"
"1801.ton","1801"
"1802.ton","1802"
"1803.ton","1803"
"1804.ton","1804"
"1805.ton","1805"
"1806.ton","1806"
"1807.ton","1807"
"1808.ton","1808"
"1809.ton","1809"
"1810.ton","1810"
"1811.ton","1811"
"1812.ton","1812"
"1813.ton","1813"
"1814.ton","1814"
"1815.ton","1815"
"1816.ton","1816"
"1817.ton","1817"
"1818.ton","1818"
"1819.ton","1819"
"1820.ton","1820"
"1821.ton","1821"
"1822.ton","1822"
"1823.ton","1823"
"1824.ton","1824"
"1825.ton","1825"
"1826.ton","1826"
"1827.ton","1827"
"1828.ton","1828"
"1829.ton","1829"
"1830.ton","1830"
"1831.ton","1831"
"1832.ton","1832"
"1833.ton","1833"
"1834.ton","1834"
"1835.ton","1835"
"1836.ton","1836"
"1837.ton","1837"
"1838.ton","1838"
"1839.ton","1839"
"1840.ton","1840"
"1841.ton","1841"
"1842.ton","1842"
"1843.ton","1843"
"1844.ton","1844"
"1845.ton","1845"
"1846.ton","1846"
"1847.ton","1847"
"1848.ton","1848"
"1849.ton","1849"
"1850.ton","1850"
"1851.ton","1851"
"1852.ton","1852"
"1853.ton","1853"
"1854.ton","1854"
"1855.ton","1855"
"1856.ton","1856"
"1857.ton","1857"
"1858.ton","1858"
"1859.ton","1859"
"1860.ton","1860"
"1861.ton","1861"
"1862.ton","1862"
"1863.ton","1863"
"1864.ton","1864"
"1865.ton","1865"
"1866.ton","1866"
"1867.ton","1867"
"1868.ton","1868"
"1869.ton","1869"
"1870.ton","1870"
"1871.ton","1871"
"1872.ton","1872"
"1873.ton","1873"
"1874.ton","1874"
"1875.ton","1875"
"1876.ton","1876"
"1877.ton","1877"
"1878.ton","1878"
"1879.ton","1879"
"1880.ton","1880"
"1881.ton","1881"
"1882.ton","1882"
"1883.ton","1883"
"1884.ton","1884"
"1885.ton","1885"
"1886.ton","1886"
"1887.ton","1887"
"1888.ton","1888"
"1889.ton","1889"
"1890.ton","1890"
"1891.ton","1891"
"1892.ton","1892"
"1893.ton","1893"
"1894.ton","1894"
"1895.ton","1895"
"1896.ton","1896"
"1897.ton","1897"
"1898.ton","1898"
"1899.ton","1899"
"1900.ton","1900"
"1901.ton","1901"
"1902.ton","1902"
"1903.ton","1903"
"1904.ton","1904"
"1905.ton","1905"
"1906.ton","1906"
"1907.ton","1907"
"1908.ton","1908"
"1909.ton","1909"
"1910.ton","1910"
"1911.ton","1911"
"1912.ton","1912"
"1913.ton","1913"
"1914.ton","1914"
"1915.ton","1915"
"1916.ton","1916"
"1917.ton","1917"
"1918.ton","1918"
"1919.ton","1919"
"1920.ton","1920"
"1921.ton","1921"
"1922.ton","1922"
"1923.ton","1923"
"1924.ton","1924"
"1925.ton","1925"
"1926.ton","1926"
"1927.ton","1927"
"1928.ton","1928"
"1929.ton","1929"
"1930.ton","1930"
"1931.ton","1931"
"1932.ton","1932"
"1933.ton","1933"
"1934.ton","1934"
"1935.ton","1935"
"1936.ton","1936"
"1937.ton","1937"
"1938.ton","1938"
"1939.ton","1939"
"1940.ton","1940"
"1941.ton","1941"
"1942.ton","1942"
"1943.ton","1943"
"1944.ton","1944"
"1945.ton","1945"
"1946.ton","1946"
"1947.ton","1947"
"1948.ton","1948"
"1949.ton","1949"
"1950.ton","1950"
"1951.ton","1951"
"1952.ton","1952"
"1953.ton","1953"
"1954.ton","1954"
"1955.ton","1955"
"1956.ton","1956"
"1957.ton","1957"
"1958.ton","1958"
"1959.ton","1959"
"1960.ton","1960"
"1961.ton","1961"
"1962.ton","1962"
"1963.ton","1963"
"1964.ton","1964"
"1965.ton","1965"
"1966.ton","1966"
"1967.ton","1967"
"1968.ton","1968"
"1969.ton","1969"
"1970.ton","1970"
"1971.ton","1971"
"1972.ton","1972"
"1973.ton","1973"
"1974.ton","1974"
"1975.ton","1975"
"1976.ton","1976"
"1977.ton","1977"
"1978.ton","1978"
"1979.ton","1979"
"1980.ton","1980"
"1981.ton","1981"
"1982.ton","1982"
"1983.ton","1983"
"1984.ton","1984"
"1985.ton","1985"
"1986.ton","1986"
"1987.ton","1987"
"1988.ton","1988"
"1989.ton","1989"
"1990.ton","1990"
"1991.ton","1991"
"1992.ton","1992"
"1993.ton","1993"
"1994.ton","1994"
"1995.ton","1995"
"1996.ton","1996"
"1997.ton","1997"
"1998.ton","1998"
"1999.ton","1999"
"2000.ton","2000"
"2001.ton","2001"
"2002.ton","2002"
"2003.ton","2003"
"2004.ton","2004"
"2005.ton","2005"
"2006.ton","2006"
"2007.ton","2007"
"2008.ton","2008"
"2009.ton","2009"
"2010.ton","2010"
"2011.ton","2011"
"2012.ton","2012"
"2013.ton","2013"
"2014.ton","2014"
"2015.ton","2015"
"2016.ton","2016"
"2017.ton","2017"
"2018.ton","2018"
"2019.ton","2019"
"2020.ton","2020"
"2021.ton","2021"
"2022.ton","2022"
"2023.ton","2023"
"2024.ton","2024"
"2025.ton","2025"
"2026.ton","2026"
"2027.ton","2027"
"2028.ton","2028"
"2029.ton","2029"
"2030.ton","2030"
"2031.ton","2031"
"2032.ton","2032"
"2033.ton","2033"
"2034.ton","2034"
"2035.ton","2035"
"2036.ton","2036"
"2037.ton","2037"
"2038.ton","2038"
"2039.ton","2039"
"2040.ton","2040"
"2041.ton","2041"
"2042.ton","2042"
"2043.ton","2043"
"2044.ton","2044"
"2045.ton","2045"
"2046.ton","2046"
"2047.ton","2047"
"2048.ton","2048"
"2049.ton","2049"
"2050.ton","2050"
"2051.ton","2051"
"2052.ton","2052"
"2053.ton","2053"
"2054.ton","2054"
"2055.ton","2055"
"2056.ton","2056"
"2057.ton","2057"
"2058.ton","2058"
"2059.ton","2059"
"2060.ton","2060"
"2061.ton","2061"
"2062.ton","2062"
"2063.ton","2063"
"2064.ton","2064"
"2065.ton","2065"
"2066.ton","2066"
"2067.ton","2067"
"2068.ton","2068"
"2069.ton","2069"
"2070.ton","2070"
"2071.ton","2071"
"2072.ton","2072"
"2073.ton","2073"
"2074.ton","2074"
"2075.ton","2075"
"2076.ton","2076"
"2077.ton","2077"
"2078.ton","2078"
"2079.ton","2079"
"2080.ton","2080"
"2081.ton","2081"
"2082.ton","2082"
"2083.ton","2083"
"2084.ton","2084"
"2085.ton","2085"
"2086.ton","2086"
"2087.ton","2087"
"2088.ton","2088"
"2089.ton","2089"
"2090.ton","2090"
"2091.ton","2091"
"2092.ton","2092"
"2093.ton","2093"
"2094.ton","2094"
"2095.ton","2095"
"2096.ton","2096"
"2097.ton","2097"
"2098.ton","2098"
"2099.ton","2099"
"2100.ton","2100"
"2101.ton","2101"
"2102.ton","2102"
"2103.ton","2103"
"2104.ton","2104"
"2105.ton","2105"
"2106.ton","2106"
"2107.ton","2107"
"2108.ton","2108"
"2109.ton","2109"
"2110.ton","2110"
"2111.ton","2111"
"2112.ton","2112"
"2113.ton","2113"
"2114.ton","2114"
"2115.ton","2115"
"2116.ton","2116"
"2117.ton","2117"
"2118.ton","2118"
"2119.ton","2119"
"2120.ton","2120"
"2121.ton","2121"
"2122.ton","2122"
"2123.ton","2123"
"2124.ton","2124"
"2125.ton","2125"
"2126.ton","2126"
"2127.ton","2127"
"2128.ton","2128"
"2129.ton","2129"
"2130.ton","2130"
"2131.ton","2131"
"2132.ton","2132"
"2133.ton","2133"
"2134.ton","2134"
"2135.ton","2135"
"2136.ton","2136"
"2137.ton","2137"
"2138.ton","2138"
"2139.ton","2139"
"2140.ton","2140"
"2141.ton","2141"
"2142.ton","2142"
"2143.ton","2143"
"2144.ton","2144"
"2145.ton","2145"
"2146.ton","2146"
"2147.ton","2147"
"2148.ton","2148"
"2149.ton","2149"
"2150.ton","2150"
"2151.ton","2151"
"2152.ton","2152"
"2153.ton","2153"
"2154.ton","2154"
"2155.ton","2155"
"2156.ton","2156"
"2157.ton","2157"
"2158.ton","2158"
"2159.ton","2159"
"2160.ton","2160"
"2161.ton","2161"
"2162.ton","2162"
"2163.ton","2163"
"2164.ton","2164"
"2165.ton","2165"
"2166.ton","2166"
"2167.ton","2167"
"2168.ton","2168"
"2169.ton","2169"
"2170.ton","2170"
"2171.ton","2171"
"2172.ton","2172"
"2173.ton","2173"
"2174.ton","2174"
"2175.ton","2175"
"2176.ton","2176"
"2177.ton","2177"
"2178.ton","2178"
"2179.ton","2179"
"2180.ton","2180"
"2181.ton","2181"
"2182.ton","2182"
"2183.ton","2183"
"2184.ton","2184"
"2185.ton","2185"
"2186.ton","2186"
"2187.ton","2187"
"2188.ton","2188"
"2189.ton","2189"
"2190.ton","2190"
"2191.ton","2191"
"2192.ton","2192"
"2193.ton","2193"
"2194.ton","2194"
"2195.ton","2195"
"2196.ton","2196"
"2197.ton","2197"
"2198.ton","2198"
"2199.ton","2199"
"2200.ton","2200"
"2201.ton","2201"
"2202.ton","2202"
"2203.ton","2203"
"2204.ton","2204"
"2205.ton","2205"
"2206.ton","2206"
"2207.ton","2207"
"2208.ton","2208"
"2209.ton","2209"
"2210.ton","2210"
"2211.ton","2211"
"2212.ton","2212"
"2213.ton","2213"
"2214.ton","2214"
"2215.ton","2215"
"2216.ton","2216"
"2217.ton","2217"
"2218.ton","2218"
"2219.ton","2219"
"2220.ton","2220"
"2221.ton","2221"
"2222.ton","2222"
"2223.ton","2223"
"2224.ton","2224"
"2225.ton","2225"
"2226.ton","2226"
"2227.ton","2227"
"2228.ton","2228"
"2229.ton","2229"
"2230.ton","2230"
"2231.ton","2231"
"2232.ton","2232"
"2233.ton","2233"
"2234.ton","2234"
"2235.ton","2235"
"2236.ton","2236"
"2237.ton","2237"
"2238.ton","2238"
"2239.ton","2239"
"2240.ton","2240"
"2241.ton","2241"
"2242.ton","2242"
"2243.ton","2243"
"2244.ton","2244"
"2245.ton","2245"
"2246.ton","2246"
"2247.ton","2247"
"2248.ton","2248"
"2249.ton","2249"
"2250.ton","2250"
"2251.ton","2251"
"2252.ton","2252"
"2253.ton","2253"
"2254.ton","2254"
"2255.ton","2255"
"2256.ton","2256"
"2257.ton","2257"
"2258.ton","2258"
"2259.ton","2259"
"2260.ton","2260"
"2261.ton","2261"
"2262.ton","2262"
"2263.ton","2263"
"2264.ton","2264"
"2265.ton","2265"
"2266.ton","2266"
"2267.ton","2267"
"2268.ton","2268"
"2269.ton","2269"
"2270.ton","2270"
"2271.ton","2271"
"2272.ton","2272"
"2273.ton","2273"
"2274.ton","2274"
"2275.ton","2275"
"2276.ton","2276"
"2277.ton","2277"
"2278.ton","2278"
"2279.ton","2279"
"2280.ton","2280"
"2281.ton","2281"
"2282.ton","2282"
"2283.ton","2283"
"2284.ton","2284"
"2285.ton","2285"
"2286.ton","2286"
"2287.ton","2287"
"2288.ton","2288"
"2289.ton","2289"
"2290.ton","2290"
"2291.ton","2291"
"2292.ton","2292"
"2293.ton","2293"
"2294.ton","2294"
"2295.ton","2295"
"2296.ton","2296"
"2297.ton","2297"
"2298.ton","2298"
"2299.ton","2299"
"2300.ton","2300"
"2301.ton","2301"
"2302.ton","2302"
"2303.ton","2303"
"2304.ton","2304"
"2305.ton","2305"
"2306.ton","2306"
"2307.ton","2307"
"2308.ton","2308"
"2309.ton","2309"
"2310.ton","2310"
"2311.ton","2311"
"2312.ton","2312"
"2313.ton","2313"
"2314.ton","2314"
"2315.ton","2315"
"2316.ton","2316"
"2317.ton","2317"
"2318.ton","2318"
"2319.ton","2319"
"2320.ton","2320"
"2321.ton","2321"
"2322.ton","2322"
"2323.ton","2323"
"2324.ton","2324"
"2325.ton","2325"
"2326.ton","2326"
"2327.ton","2327"
"2328.ton","2328"
"2329.ton","2329"
"2330.ton","2330"
"2331.ton","2331"
"2332.ton","2332"
"2333.ton","2333"
"2334.ton","2334"
"2335.ton","2335"
"2336.ton","2336"
"2337.ton","2337"
"2338.ton","2338"
"2339.ton","2339"
"2340.ton","2340"
"2341.ton","2341"
"2342.ton","2342"
"2343.ton","2343"
"2344.ton","2344"
"2345.ton","2345"
"2346.ton","2346"
"2347.ton","2347"
"2348.ton","2348"
"2349.ton","2349"
"2350.ton","2350"
"2351.ton","2351"
"2352.ton","2352"
"2353.ton","2353"
"2354.ton","2354"
"2355.ton","2355"
"2356.ton","2356"
"2357.ton","2357"
"2358.ton","2358"
"2359.ton","2359"
"2360.ton","2360"
"2361.ton","2361"
"2362.ton","2362"
"2363.ton","2363"
"2364.ton","2364"
"2365.ton","2365"
"2366.ton","2366"
"2367.ton","2367"
"2368.ton","2368"
"2369.ton","2369"
"2370.ton","2370"
"2371.ton","2371"
"2372.ton","2372"
"2373.ton","2373"
"2374.ton","2374"
"2375.ton","2375"
"2376.ton","2376"
"2377.ton","2377"
"2378.ton","2378"
"2379.ton","2379"
"2380.ton","2380"
"2381.ton","2381"
"2382.ton","2382"
"2383.ton","2383"
"2384.ton","2384"
"2385.ton","2385"
"2386.ton","2386"
"2387.ton","2387"
"2388.ton","2388"
"2389.ton","2389"
"2390.ton","2390"
"2391.ton","2391"
"2392.ton","2392"
"2393.ton","2393"
"2394.ton","2394"
"2395.ton","2395"
"2396.ton","2396"
"2397.ton","2397"
"2398.ton","2398"
"2399.ton","2399"
"2400.ton","2400"
"2401.ton","2401"
"2402.ton","2402"
"2403.ton","2403"
"2404.ton","2404"
"2405.ton","2405"
"2406.ton","2406"
"2407.ton","2407"
"2408.ton","2408"
"2409.ton","2409"
"2410.ton","2410"
"2411.ton","2411"
"2412.ton","2412"
"2413.ton","2413"
"2414.ton","2414"
"2415.ton","2415"
"2416.ton","2416"
"2417.ton","2417"
"2418.ton","2418"
"2419.ton","2419"
"2420.ton","2420"
"2421.ton","2421"
"2422.ton","2422"
"2423.ton","2423"
"2424.ton","2424"
"2425.ton","2425"
"2426.ton","2426"
"2427.ton","2427"
"2428.ton","2428"
"2429.ton","2429"
"2430.ton","2430"
"2431.ton","2431"
"2432.ton","2432"
"2433.ton","2433"
"2434.ton","2434"
"2435.ton","2435"
"2436.ton","2436"
"2437.ton","2437"
"2438.ton","2438"
"2439.ton","2439"
"2440.ton","2440"
"2441.ton","2441"
"2442.ton","2442"
"2443.ton","2443"
"2444.ton","2444"
"2445.ton","2445"
"2446.ton","2446"
"2447.ton","2447"
"2448.ton","2448"
"2449.ton","2449"
"2450.ton","2450"
"2451.ton","2451"
"2452.ton","2452"
"2453.ton","2453"
"2454.ton","2454"
"2455.ton","2455"
"2456.ton","2456"
"2457.ton","2457"
"2458.ton","2458"
"2459.ton","2459"
"2460.ton","2460"
"2461.ton","2461"
"2462.ton","2462"
"2463.ton","2463"
"2464.ton","2464"
"2465.ton","2465"
"2466.ton","2466"
"2467.ton","2467"
"2468.ton","2468"
"2469.ton","2469"
"2470.ton","2470"
"2471.ton","2471"
"2472.ton","2472"
"2473.ton","2473"
"2474.ton","2474"
"2475.ton","2475"
"2476.ton","2476"
"2477.ton","2477"
"2478.ton","2478"
"2479.ton","2479"
"2480.ton","2480"
"2481.ton","2481"
"2482.ton","2482"
"2483.ton","2483"
"2484.ton","2484"
"2485.ton","2485"
"2486.ton","2486"
"2487.ton","2487"
"2488.ton","2488"
"2489.ton","2489"
"2490.ton","2490"
"2491.ton","2491"
"2492.ton","2492"
"2493.ton","2493"
"2494.ton","2494"
"2495.ton","2495"
"2496.ton","2496"
"2497.ton","2497"
"2498.ton","2498"
"2499.ton","2499"
"2500.ton","2500"
"2501.ton","2501"
"2502.ton","2502"
"2503.ton","2503"
"2504.ton","2504"
"2505.ton","2505"
"2506.ton","2506"
"2507.ton","2507"
"2508.ton","2508"
"2509.ton","2509"
"2510.ton","2510"
"2511.ton","2511"
"2512.ton","2512"
"2513.ton","2513"
"2514.ton","2514"
"2515.ton","2515"
"2516.ton","2516"
"2517.ton","2517"
"2518.ton","2518"
"2519.ton","2519"
"2520.ton","2520"
"2521.ton","2521"
"2522.ton","2522"
"2523.ton","2523"
"2524.ton","2524"
"2525.ton","2525"
"2526.ton","2526"
"2527.ton","2527"
"2528.ton","2528"
"2529.ton","2529"
"2530.ton","2530"
"2531.ton","2531"
"2532.ton","2532"
"2533.ton","2533"
"2534.ton","2534"
"2535.ton","2535"
"2536.ton","2536"
"2537.ton","2537"
"2538.ton","2538"
"2539.ton","2539"
"2540.ton","2540"
"2541.ton","2541"
"2542.ton","2542"
"2543.ton","2543"
"2544.ton","2544"
"2545.ton","2545"
"2546.ton","2546"
"2547.ton","2547"
"2548.ton","2548"
"2549.ton","2549"
"2550.ton","2550"
"2551.ton","2551"
"2552.ton","2552"
"2553.ton","2553"
"2554.ton","2554"
"2555.ton","2555"
"2556.ton","2556"
"2557.ton","2557"
"2558.ton","2558"
"2559.ton","2559"
"2560.ton","2560"
"2561.ton","2561"
"2562.ton","2562"
"2563.ton","2563"
"2564.ton","2564"
"2565.ton","2565"
"2566.ton","2566"
"2567.ton","2567"
"2568.ton","2568"
"2569.ton","2569"
"2570.ton","2570"
"2571.ton","2571"
"2572.ton","2572"
"2573.ton","2573"
"2574.ton","2574"
"2575.ton","2575"
"2576.ton","2576"
"2577.ton","2577"
"2578.ton","2578"
"2579.ton","2579"
"2580.ton","2580"
"2581.ton","2581"
"2582.ton","2582"
"2583.ton","2583"
"2584.ton","2584"
"2585.ton","2585"
"2586.ton","2586"
"2587.ton","2587"
"2588.ton","2588"
"2589.ton","2589"
"2590.ton","2590"
"2591.ton","2591"
"2592.ton","2592"
"2593.ton","2593"
"2594.ton","2594"
"2595.ton","2595"
"2596.ton","2596"
"2597.ton","2597"
"2598.ton","2598"
"2599.ton","2599"
"2600.ton","2600"
"2601.ton","2601"
"2602.ton","2602"
"2603.ton","2603"
"2604.ton","2604"
"2605.ton","2605"
"2606.ton","2606"
"2607.ton","2607"
"2608.ton","2608"
"2609.ton","2609"
"2610.ton","2610"
"2611.ton","2611"
"2612.ton","2612"
"2613.ton","2613"
"2614.ton","2614"
"2615.ton","2615"
"2616.ton","2616"
"2617.ton","2617"
"2618.ton","2618"
"2619.ton","2619"
"2620.ton","2620"
"2621.ton","2621"
"2622.ton","2622"
"2623.ton","2623"
"2624.ton","2624"
"2625.ton","2625"
"2626.ton","2626"
"2627.ton","2627"
"2628.ton","2628"
"2629.ton","2629"
"2630.ton","2630"
"2631.ton","2631"
"2632.ton","2632"
"2633.ton","2633"
"2634.ton","2634"
"2635.ton","2635"
"2636.ton","2636"
"2637.ton","2637"
"2638.ton","2638"
"2639.ton","2639"
"2640.ton","2640"
"2641.ton","2641"
"2642.ton","2642"
"2643.ton","2643"
"2644.ton","2644"
"2645.ton","2645"
"2646.ton","2646"
"2647.ton","2647"
"2648.ton","2648"
"2649.ton","2649"
"2650.ton","2650"
"2651.ton","2651"
"2652.ton","2652"
"2653.ton","2653"
"2654.ton","2654"
"2655.ton","2655"
"2656.ton","2656"
"2657.ton","2657"
"2658.ton","2658"
"2659.ton","2659"
"2660.ton","2660"
"2661.ton","2661"
"2662.ton","2662"
"2663.ton","2663"
"2664.ton","2664"
"2665.ton","2665"
"2666.ton","2666"
"2667.ton","2667"
"2668.ton","2668"
"2669.ton","2669"
"2670.ton","2670"
"2671.ton","2671"
"2672.ton","2672"
"2673.ton","2673"
"2674.ton","2674"
"2675.ton","2675"
"2676.ton","2676"
"2677.ton","2677"
"2678.ton","2678"
"2679.ton","2679"
"2680.ton","2680"
"2681.ton","2681"
"2682.ton","2682"
"2683.ton","2683"
"2684.ton","2684"
"2685.ton","2685"
"2686.ton","2686"
"2687.ton","2687"
"2688.ton","2688"
"2689.ton","2689"
"2690.ton","2690"
"2691.ton","2691"
"2692.ton","2692"
"2693.ton","2693"
"2694.ton","2694"
"2695.ton","2695"
"2696.ton","2696"
"2697.ton","2697"
"2698.ton","2698"
"2699.ton","2699"
"2700.ton","2700"
"2701.ton","2701"
"2702.ton","2702"
"2703.ton","2703"
"2704.ton","2704"
"2705.ton","2705"
"2706.ton","2706"
"2707.ton","2707"
"2708.ton","2708"
"2709.ton","2709"
"2710.ton","2710"
"2711.ton","2711"
"2712.ton","2712"
"2713.ton","2713"
"2714.ton","2714"
"2715.ton","2715"
"2716.ton","2716"
"2717.ton","2717"
"2718.ton","2718"
"2719.ton","2719"
"2720.ton","2720"
"2721.ton","2721"
"2722.ton","2722"
"2723.ton","2723"
"2724.ton","2724"
"2725.ton","2725"
"2726.ton","2726"
"2727.ton","2727"
"2728.ton","2728"
"2729.ton","2729"
"2730.ton","2730"
"2731.ton","2731"
"2732.ton","2732"
"2733.ton","2733"
"2734.ton","2734"
"2735.ton","2735"
"2736.ton","2736"
"2737.ton","2737"
"2738.ton","2738"
"2739.ton","2739"
"2740.ton","2740"
"2741.ton","2741"
"2742.ton","2742"
"2743.ton","2743"
"2744.ton","2744"
"2745.ton","2745"
"2746.ton","2746"
"2747.ton","2747"
"2748.ton","2748"
"2749.ton","2749"
"2750.ton","2750"
"2751.ton","2751"
"2752.ton","2752"
"2753.ton","2753"
"2754.ton","2754"
"2755.ton","2755"
"2756.ton","2756"
"2757.ton","2757"
"2758.ton","2758"
"2759.ton","2759"
"2760.ton","2760"
"2761.ton","2761"
"2762.ton","2762"
"2763.ton","2763"
"2764.ton","2764"
"2765.ton","2765"
"2766.ton","2766"
"2767.ton","2767"
"2768.ton","2768"
"2769.ton","2769"
"2770.ton","2770"
"2771.ton","2771"
"2772.ton","2772"
"2773.ton","2773"
"2774.ton","2774"
"2775.ton","2775"
"2776.ton","2776"
"2777.ton","2777"
"2778.ton","2778"
"2779.ton","2779"
"2780.ton","2780"
"2781.ton","2781"
"2782.ton","2782"
"2783.ton","2783"
"2784.ton","2784"
"2785.ton","2785"
"2786.ton","2786"
"2787.ton","2787"
"2788.ton","2788"
"2789.ton","2789"
"2790.ton","2790"
"2791.ton","2791"
"2792.ton","2792"
"2793.ton","2793"
"2794.ton","2794"
"2795.ton","2795"
"2796.ton","2796"
"2797.ton","2797"
"2798.ton","2798"
"2799.ton","2799"
"2800.ton","2800"
"2801.ton","2801"
"2802.ton","2802"
"2803.ton","2803"
"2804.ton","2804"
"2805.ton","2805"
"2806.ton","2806"
"2807.ton","2807"
"2808.ton","2808"
"2809.ton","2809"
"2810.ton","2810"
"2811.ton","2811"
"2812.ton","2812"
"2813.ton","2813"
"2814.ton","2814"
"2815.ton","2815"
"2816.ton","2816"
"2817.ton","2817"
"2818.ton","2818"
"2819.ton","2819"
"2820.ton","2820"
"2821.ton","2821"
"2822.ton","2822"
"2823.ton","2823"
"2824.ton","2824"
"2825.ton","2825"
"2826.ton","2826"
"2827.ton","2827"
"2828.ton","2828"
"2829.ton","2829"
"2830.ton","2830"
"2831.ton","2831"
"2832.ton","2832"
"2833.ton","2833"
"2834.ton","2834"
"2835.ton","2835"
"2836.ton","2836"
"2837.ton","2837"
"2838.ton","2838"
"2839.ton","2839"
"2840.ton","2840"
"2841.ton","2841"
"2842.ton","2842"
"2843.ton","2843"
"2844.ton","2844"
"2845.ton","2845"
"2846.ton","2846"
"2847.ton","2847"
"2848.ton","2848"
"2849.ton","2849"
"2850.ton","2850"
"2851.ton","2851"
"2852.ton","2852"
"2853.ton","2853"
"2854.ton","2854"
"2855.ton","2855"
"2856.ton","2856"
"2857.ton","2857"
"2858.ton","2858"
"2859.ton","2859"
"2860.ton","2860"
"2861.ton","2861"
"2862.ton","2862"
"2863.ton","2863"
"2864.ton","2864"
"2865.ton","2865"
"2866.ton","2866"
"2867.ton","2867"
"2868.ton","2868"
"2869.ton","2869"
"2870.ton","2870"
"2871.ton","2871"
"2872.ton","2872"
"2873.ton","2873"
"2874.ton","2874"
"2875.ton","2875"
"2876.ton","2876"
"2877.ton","2877"
"2878.ton","2878"
"2879.ton","2879"
"2880.ton","2880"
"2881.ton","2881"
"2882.ton","2882"
"2883.ton","2883"
"2884.ton","2884"
"2885.ton","2885"
"2886.ton","2886"
"2887.ton","2887"
"2888.ton","2888"
"2889.ton","2889"
"2890.ton","2890"
"2891.ton","2891"
"2892.ton","2892"
"2893.ton","2893"
"2894.ton","2894"
"2895.ton","2895"
"2896.ton","2896"
"2897.ton","2897"
"2898.ton","2898"
"2899.ton","2899"
"2900.ton","2900"
"2901.ton","2901"
"2902.ton","2902"
"2903.ton","2903"
"2904.ton","2904"
"2905.ton","2905"
"2906.ton","2906"
"2907.ton","2907"
"2908.ton","2908"
"2909.ton","2909"
"2910.ton","2910"
"2911.ton","2911"
"2912.ton","2912"
"2913.ton","2913"
"2914.ton","2914"
"2915.ton","2915"
"2916.ton","2916"
"2917.ton","2917"
"2918.ton","2918"
"2919.ton","2919"
"2920.ton","2920"
"2921.ton","2921"
"2922.ton","2922"
"2923.ton","2923"
"2924.ton","2924"
"2925.ton","2925"
"2926.ton","2926"
"2927.ton","2927"
"2928.ton","2928"
"2929.ton","2929"
"2930.ton","2930"
"2931.ton","2931"
"2932.ton","2932"
"2933.ton","2933"
"2934.ton","2934"
"2935.ton","2935"
"2936.ton","2936"
"2937.ton","2937"
"2938.ton","2938"
"2939.ton","2939"
"2940.ton","2940"
"2941.ton","2941"
"2942.ton","2942"
"2943.ton","2943"
"2944.ton","2944"
"2945.ton","2945"
"2946.ton","2946"
"2947.ton","2947"
"2948.ton","2948"
"2949.ton","2949"
"2950.ton","2950"
"2951.ton","2951"
"2952.ton","2952"
"2953.ton","2953"
"2954.ton","2954"
"2955.ton","2955"
"2956.ton","2956"
"2957.ton","2957"
"2958.ton","2958"
"2959.ton","2959"
"2960.ton","2960"
"2961.ton","2961"
"2962.ton","2962"
"2963.ton","2963"
"2964.ton","2964"
"2965.ton","2965"
"2966.ton","2966"
"2967.ton","2967"
"2968.ton","2968"
"2969.ton","2969"
"2970.ton","2970"
"2971.ton","2971"
"2972.ton","2972"
"2973.ton","2973"
"2974.ton","2974"
"2975.ton","2975"
"2976.ton","2976"
"2977.ton","2977"
"2978.ton","2978"
"2979.ton","2979"
"2980.ton","2980"
"2981.ton","2981"
"2982.ton","2982"
"2983.ton","2983"
"2984.ton","2984"
"2985.ton","2985"
"2986.ton","2986"
"2987.ton","2987"
"2988.ton","2988"
"2989.ton","2989"
"2990.ton","2990"
"2991.ton","2991"
"2992.ton","2992"
"2993.ton","2993"
"2994.ton","2994"
"2995.ton","2995"
"2996.ton","2996"
"2997.ton","2997"
"2998.ton","2998"
"2999.ton","2999"
"3000.ton","3000"
"3001.ton","3001"
"3002.ton","3002"
"3003.ton","3003"
"3004.ton","3004"
"3005.ton","3005"
"3006.ton","3006"
"3007.ton","3007"
"3008.ton","3008"
"3009.ton","3009"
"3010.ton","3010"
"3011.ton","3011"
"3012.ton","3012"
"3013.ton","3013"
"3014.ton","3014"
"3015.ton","3015"
"3016.ton","3016"
"3017.ton","3017"
"3018.ton","3018"
"3019.ton","3019"
"3020.ton","3020"
"3021.ton","3021"
"3022.ton","3022"
"3023.ton","3023"
"3024.ton","3024"
"3025.ton","3025"
"3026.ton","3026"
"3027.ton","3027"
"3028.ton","3028"
"3029.ton","3029"
"3030.ton","3030"
"3031.ton","3031"
"3032.ton","3032"
"3033.ton","3033"
"3034.ton","3034"
"3035.ton","3035"
"3036.ton","3036"
"3037.ton","3037"
"3038.ton","3038"
"3039.ton","3039"
"3040.ton","3040"
"3041.ton","3041"
"3042.ton","3042"
"3043.ton","3043"
"3044.ton","3044"
"3045.ton","3045"
"3046.ton","3046"
"3047.ton","3047"
"3048.ton","3048"
"3049.ton","3049"
"3050.ton","3050"
"3051.ton","3051"
"3052.ton","3052"
"3053.ton","3053"
"3054.ton","3054"
"3055.ton","3055"
"3056.ton","3056"
"3057.ton","3057"
"3058.ton","3058"
"3059.ton","3059"
"3060.ton","3060"
"3061.ton","3061"
"3062.ton","3062"
"3063.ton","3063"
"3064.ton","3064"
"3065.ton","3065"
"3066.ton","3066"
"3067.ton","3067"
"3068.ton","3068"
"3069.ton","3069"
"3070.ton","3070"
"3071.ton","3071"
"3072.ton","3072"
"3073.ton","3073"
"3074.ton","3074"
"3075.ton","3075"
"3076.ton","3076"
"3077.ton","3077"
"3078.ton","3078"
"3079.ton","3079"
"3080.ton","3080"
"3081.ton","3081"
"3082.ton","3082"
"3083.ton","3083"
"3084.ton","3084"
"3085.ton","3085"
"3086.ton","3086"
"3087.ton","3087"
"3088.ton","3088"
"3089.ton","3089"
"3090.ton","3090"
"3091.ton","3091"
"3092.ton","3092"
"3093.ton","3093"
"3094.ton","3094"
"3095.ton","3095"
"3096.ton","3096"
"3097.ton","3097"
"3098.ton","3098"
"3099.ton","3099"
"3100.ton","3100"
"3101.ton","3101"
"3102.ton","3102"
"3103.ton","3103"
"3104.ton","3104"
"3105.ton","3105"
"3106.ton","3106"
"3107.ton","3107"
"3108.ton","3108"
"3109.ton","3109"
"3110.ton","3110"
"3111.ton","3111"
"3112.ton","3112"
"3113.ton","3113"
"3114.ton","3114"
"3115.ton","3115"
"3116.ton","3116"
"3117.ton","3117"
"3118.ton","3118"
"3119.ton","3119"
"3120.ton","3120"
"3121.ton","3121"
"3122.ton","3122"
"3123.ton","3123"
"3124.ton","3124"
"3125.ton","3125"
"3126.ton","3126"
"3127.ton","3127"
"3128.ton","3128"
"3129.ton","3129"
"3130.ton","3130"
"3131.ton","3131"
"3132.ton","3132"
"3133.ton","3133"
"3134.ton","3134"
"3135.ton","3135"
"3136.ton","3136"
"3137.ton","3137"
"3138.ton","3138"
"3139.ton","3139"
"3140.ton","3140"
"3141.ton","3141"
"3142.ton","3142"
"3143.ton","3143"
"3144.ton","3144"
"3145.ton","3145"
"3146.ton","3146"
"3147.ton","3147"
"3148.ton","3148"
"3149.ton","3149"
"3150.ton","3150"
"3151.ton","3151"
"3152.ton","3152"
"3153.ton","3153"
"3154.ton","3154"
"3155.ton","3155"
"3156.ton","3156"
"3157.ton","3157"
"3158.ton","3158"
"3159.ton","3159"
"3160.ton","3160"
"3161.ton","3161"
"3162.ton","3162"
"3163.ton","3163"
"3164.ton","3164"
"3165.ton","3165"
"3166.ton","3166"
"3167.ton","3167"
"3168.ton","3168"
"3169.ton","3169"
"3170.ton","3170"
"3171.ton","3171"
"3172.ton","3172"
"3173.ton","3173"
"3174.ton","3174"
"3175.ton","3175"
"3176.ton","3176"
"3177.ton","3177"
"3178.ton","3178"
"3179.ton","3179"
"3180.ton","3180"
"3181.ton","3181"
"3182.ton","3182"
"3183.ton","3183"
"3184.ton","3184"
"3185.ton","3185"
"3186.ton","3186"
"3187.ton","3187"
"3188.ton","3188"
"3189.ton","3189"
"3190.ton","3190"
"3191.ton","3191"
"3192.ton","3192"
"3193.ton","3193"
"3194.ton","3194"
"3195.ton","3195"
"3196.ton","3196"
"3197.ton","3197"
"3198.ton","3198"
"3199.ton","3199"
"3200.ton","3200"
"3201.ton","3201"
"3202.ton","3202"
"3203.ton","3203"
"3204.ton","3204"
"3205.ton","3205"
"3206.ton","3206"
"3207.ton","3207"
"3208.ton","3208"
"3209.ton","3209"
"3210.ton","3210"
"3211.ton","3211"
"3212.ton","3212"
"3213.ton","3213"
"3214.ton","3214"
"3215.ton","3215"
"3216.ton","3216"
"3217.ton","3217"
"3218.ton","3218"
"3219.ton","3219"
"3220.ton","3220"
"3221.ton","3221"
"3222.ton","3222"
"3223.ton","3223"
"3224.ton","3224"
"3225.ton","3225"
"3226.ton","3226"
"3227.ton","3227"
"3228.ton","3228"
"3229.ton","3229"
"3230.ton","3230"
"3231.ton","3231"
"3232.ton","3232"
"3233.ton","3233"
"3234.ton","3234"
"3235.ton","3235"
"3236.ton","3236"
"3237.ton","3237"
"3238.ton","3238"
"3239.ton","3239"
"3240.ton","3240"
"3241.ton","3241"
"3242.ton","3242"
"3243.ton","3243"
"3244.ton","3244"
"3245.ton","3245"
"3246.ton","3246"
"3247.ton","3247"
"3248.ton","3248"
"3249.ton","3249"
"3250.ton","3250"
"3251.ton","3251"
"3252.ton","3252"
"3253.ton","3253"
"3254.ton","3254"
"3255.ton","3255"
"3256.ton","3256"
"3257.ton","3257"
"3258.ton","3258"
"3259.ton","3259"
"3260.ton","3260"
"3261.ton","3261"
"3262.ton","3262"
"3263.ton","3263"
"3264.ton","3264"
"3265.ton","3265"
"3266.ton","3266"
"3267.ton","3267"
"3268.ton","3268"
"3269.ton","3269"
"3270.ton","3270"
"3271.ton","3271"
"3272.ton","3272"
"3273.ton","3273"
"3274.ton","3274"
"3275.ton","3275"
"3276.ton","3276"
"3277.ton","3277"
"3278.ton","3278"
"3279.ton","3279"
"3280.ton","3280"
"3281.ton","3281"
"3282.ton","3282"
"3283.ton","3283"
"3284.ton","3284"
"3285.ton","3285"
"3286.ton","3286"
"3287.ton","3287"
"3288.ton","3288"
"3289.ton","3289"
"3290.ton","3290"
"3291.ton","3291"
"3292.ton","3292"
"3293.ton","3293"
"3294.ton","3294"
"3295.ton","3295"
"3296.ton","3296"
"3297.ton","3297"
"3298.ton","3298"
"3299.ton","3299"
"3300.ton","3300"
"3301.ton","3301"
"3302.ton","3302"
"3303.ton","3303"
"3304.ton","3304"
"3305.ton","3305"
"3306.ton","3306"
"3307.ton","3307"
"3308.ton","3308"
"3309.ton","3309"
"3310.ton","3310"
"3311.ton","3311"
"3312.ton","3312"
"3313.ton","3313"
"3314.ton","3314"
"3315.ton","3315"
"3316.ton","3316"
"3317.ton","3317"
"3318.ton","3318"
"3319.ton","3319"
"3320.ton","3320"
"3321.ton","3321"
"3322.ton","3322"
"3323.ton","3323"
"3324.ton","3324"
"3325.ton","3325"
"3326.ton","3326"
"3327.ton","3327"
"3328.ton","3328"
"3329.ton","3329"
"3330.ton","3330"
"3331.ton","3331"
"3332.ton","3332"
"3333.ton","3333"
"3334.ton","3334"
"3335.ton","3335"
"3336.ton","3336"
"3337.ton","3337"
"3338.ton","3338"
"3339.ton","3339"
"3340.ton","3340"
"3341.ton","3341"
"3342.ton","3342"
"3343.ton","3343"
"3344.ton","3344"
"3345.ton","3345"
"3346.ton","3346"
"3347.ton","3347"
"3348.ton","3348"
"3349.ton","3349"
"3350.ton","3350"
"3351.ton","3351"
"3352.ton","3352"
"3353.ton","3353"
"3354.ton","3354"
"3355.ton","3355"
"3356.ton","3356"
"3357.ton","3357"
"3358.ton","3358"
"3359.ton","3359"
"3360.ton","3360"
"3361.ton","3361"
"3362.ton","3362"
"3363.ton","3363"
"3364.ton","3364"
"3365.ton","3365"
"3366.ton","3366"
"3367.ton","3367"
"3368.ton","3368"
"3369.ton","3369"
"3370.ton","3370"
"3371.ton","3371"
"3372.ton","3372"
"3373.ton","3373"
"3374.ton","3374"
"3375.ton","3375"
"3376.ton","3376"
"3377.ton","3377"
"3378.ton","3378"
"3379.ton","3379"
"3380.ton","3380"
"3381.ton","3381"
"3382.ton","3382"
"3383.ton","3383"
"3384.ton","3384"
"3385.ton","3385"
"3386.ton","3386"
"3387.ton","3387"
"3388.ton","3388"
"3389.ton","3389"
"3390.ton","3390"
"3391.ton","3391"
"3392.ton","3392"
"3393.ton","3393"
"3394.ton","3394"
"3395.ton","3395"
"3396.ton","3396"
"3397.ton","3397"
"3398.ton","3398"
"3399.ton","3399"
"3400.ton","3400"
"3401.ton","3401"
"3402.ton","3402"
"3403.ton","3403"
"3404.ton","3404"
"3405.ton","3405"
"3406.ton","3406"
"3407.ton","3407"
"3408.ton","3408"
"3409.ton","3409"
"3410.ton","3410"
"3411.ton","3411"
"3412.ton","3412"
"3413.ton","3413"
"3414.ton","3414"
"3415.ton","3415"
"3416.ton","3416"
"3417.ton","3417"
"3418.ton","3418"
"3419.ton","3419"
"3420.ton","3420"
"3421.ton","3421"
"3422.ton","3422"
"3423.ton","3423"
"3424.ton","3424"
"3425.ton","3425"
"3426.ton","3426"
"3427.ton","3427"
"3428.ton","3428"
"3429.ton","3429"
"3430.ton","3430"
"3431.ton","3431"
"3432.ton","3432"
"3433.ton","3433"
"3434.ton","3434"
"3435.ton","3435"
"3436.ton","3436"
"3437.ton","3437"
"3438.ton","3438"
"3439.ton","3439"
"3440.ton","3440"
"3441.ton","3441"
"3442.ton","3442"
"3443.ton","3443"
"3444.ton","3444"
"3445.ton","3445"
"3446.ton","3446"
"3447.ton","3447"
"3448.ton","3448"
"3449.ton","3449"
"3450.ton","3450"
"3451.ton","3451"
"3452.ton","3452"
"3453.ton","3453"
"3454.ton","3454"
"3455.ton","3455"
"3456.ton","3456"
"3457.ton","3457"
"3458.ton","3458"
"3459.ton","3459"
"3460.ton","3460"
"3461.ton","3461"
"3462.ton","3462"
"3463.ton","3463"
"3464.ton","3464"
"3465.ton","3465"
"3466.ton","3466"
"3467.ton","3467"
"3468.ton","3468"
"3469.ton","3469"
"3470.ton","3470"
"3471.ton","3471"
"3472.ton","3472"
"3473.ton","3473"
"3474.ton","3474"
"3475.ton","3475"
"3476.ton","3476"
"3477.ton","3477"
"3478.ton","3478"
"3479.ton","3479"
"3480.ton","3480"
"3481.ton","3481"
"3482.ton","3482"
"3483.ton","3483"
"3484.ton","3484"
"3485.ton","3485"
"3486.ton","3486"
"3487.ton","3487"
"3488.ton","3488"
"3489.ton","3489"
"3490.ton","3490"
"3491.ton","3491"
"3492.ton","3492"
"3493.ton","3493"
"3494.ton","3494"
"3495.ton","3495"
"3496.ton","3496"
"3497.ton","3497"
"3498.ton","3498"
"3499.ton","3499"
"3500.ton","3500"
"3501.ton","3501"
"3502.ton","3502"
"3503.ton","3503"
"3504.ton","3504"
"3505.ton","3505"
"3506.ton","3506"
"3507.ton","3507"
"3508.ton","3508"
"3509.ton","3509"
"3510.ton","3510"
"3511.ton","3511"
"3512.ton","3512"
"3513.ton","3513"
"3514.ton","3514"
"3515.ton","3515"
"3516.ton","3516"
"3517.ton","3517"
"3518.ton","3518"
"3519.ton","3519"
"3520.ton","3520"
"3521.ton","3521"
"3522.ton","3522"
"3523.ton","3523"
"3524.ton","3524"
"3525.ton","3525"
"3526.ton","3526"
"3527.ton","3527"
"3528.ton","3528"
"3529.ton","3529"
"3530.ton","3530"
"3531.ton","3531"
"3532.ton","3532"
"3533.ton","3533"
"3534.ton","3534"
"3535.ton","3535"
"3536.ton","3536"
"3537.ton","3537"
"3538.ton","3538"
"3539.ton","3539"
"3540.ton","3540"
"3541.ton","3541"
"3542.ton","3542"
"3543.ton","3543"
"3544.ton","3544"
"3545.ton","3545"
"3546.ton","3546"
"3547.ton","3547"
"3548.ton","3548"
"3549.ton","3549"
"3550.ton","3550"
"3551.ton","3551"
"3552.ton","3552"
"3553.ton","3553"
"3554.ton","3554"
"3555.ton","3555"
"3556.ton","3556"
"3557.ton","3557"
"3558.ton","3558"
"3559.ton","3559"
"3560.ton","3560"
"3561.ton","3561"
"3562.ton","3562"
"3563.ton","3563"
"3564.ton","3564"
"3565.ton","3565"
"3566.ton","3566"
"3567.ton","3567"
"3568.ton","3568"
"3569.ton","3569"
"3570.ton","3570"
"3571.ton","3571"
"3572.ton","3572"
"3573.ton","3573"
"3574.ton","3574"
"3575.ton","3575"
"3576.ton","3576"
"3577.ton","3577"
"3578.ton","3578"
"3579.ton","3579"
"3580.ton","3580"
"3581.ton","3581"
"3582.ton","3582"
"3583.ton","3583"
"3584.ton","3584"
"3585.ton","3585"
"3586.ton","3586"
"3587.ton","3587"
"3588.ton","3588"
"3589.ton","3589"
"3590.ton","3590"
"3591.ton","3591"
"3592.ton","3592"
"3593.ton","3593"
"3594.ton","3594"
"3595.ton","3595"
"3596.ton","3596"
"3597.ton","3597"
"3598.ton","3598"
"3599.ton","3599"
"3600.ton","3600"
"3601.ton","3601"
"3602.ton","3602"
"3603.ton","3603"
"3604.ton","3604"
"3605.ton","3605"
"3606.ton","3606"
"3607.ton","3607"
"3608.ton","3608"
"3609.ton","3609"
"3610.ton","3610"
"3611.ton","3611"
"3612.ton","3612"
"3613.ton","3613"
"3614.ton","3614"
"3615.ton","3615"
"3616.ton","3616"
"3617.ton","3617"
"3618.ton","3618"
"3619.ton","3619"
"3620.ton","3620"
"3621.ton","3621"
"3622.ton","3622"
"3623.ton","3623"
"3624.ton","3624"
"3625.ton","3625"
"3626.ton","3626"
"3627.ton","3627"
"3628.ton","3628"
"3629.ton","3629"
"3630.ton","3630"
"3631.ton","3631"
"3632.ton","3632"
"3633.ton","3633"
"3634.ton","3634"
"3635.ton","3635"
"3636.ton","3636"
"3637.ton","3637"
"3638.ton","3638"
"3639.ton","3639"
"3640.ton","3640"
"3641.ton","3641"
"3642.ton","3642"
"3643.ton","3643"
"3644.ton","3644"
"3645.ton","3645"
"3646.ton","3646"
"3647.ton","3647"
"3648.ton","3648"
"3649.ton","3649"
"3650.ton","3650"
"3651.ton","3651"
"3652.ton","3652"
"3653.ton","3653"
"3654.ton","3654"
"3655.ton","3655"
"3656.ton","3656"
"3657.ton","3657"
"3658.ton","3658"
"3659.ton","3659"
"3660.ton","3660"
"3661.ton","3661"
"3662.ton","3662"
"3663.ton","3663"
"3664.ton","3664"
"3665.ton","3665"
"3666.ton","3666"
"3667.ton","3667"
"3668.ton","3668"
"3669.ton","3669"
"3670.ton","3670"
"3671.ton","3671"
"3672.ton","3672"
"3673.ton","3673"
"3674.ton","3674"
"3675.ton","3675"
"3676.ton","3676"
"3677.ton","3677"
"3678.ton","3678"
"3679.ton","3679"
"3680.ton","3680"
"3681.ton","3681"
"3682.ton","3682"
"3683.ton","3683"
"3684.ton","3684"
"3685.ton","3685"
"3686.ton","3686"
"3687.ton","3687"
"3688.ton","3688"
"3689.ton","3689"
"3690.ton","3690"
"3691.ton","3691"
"3692.ton","3692"
"3693.ton","3693"
"3694.ton","3694"
"3695.ton","3695"
"3696.ton","3696"
"3697.ton","3697"
"3698.ton","3698"
"3699.ton","3699"
"3700.ton","3700"
"3701.ton","3701"
"3702.ton","3702"
"3703.ton","3703"
"3704.ton","3704"
"3705.ton","3705"
"3706.ton","3706"
"3707.ton","3707"
"3708.ton","3708"
"3709.ton","3709"
"3710.ton","3710"
"3711.ton","3711"
"3712.ton","3712"
"3713.ton","3713"
"3714.ton","3714"
"3715.ton","3715"
"3716.ton","3716"
"3717.ton","3717"
"3718.ton","3718"
"3719.ton","3719"
"3720.ton","3720"
"3721.ton","3721"
"3722.ton","3722"
"3723.ton","3723"
"3724.ton","3724"
"3725.ton","3725"
"3726.ton","3726"
"3727.ton","3727"
"3728.ton","3728"
"3729.ton","3729"
"3730.ton","3730"
"3731.ton","3731"
"3732.ton","3732"
"3733.ton","3733"
"3734.ton","3734"
"3735.ton","3735"
"3736.ton","3736"
"3737.ton","3737"
"3738.ton","3738"
"3739.ton","3739"
"3740.ton","3740"
"3741.ton","3741"
"3742.ton","3742"
"3743.ton","3743"
"3744.ton","3744"
"3745.ton","3745"
"3746.ton","3746"
"3747.ton","3747"
"3748.ton","3748"
"3749.ton","3749"
"3750.ton","3750"
"3751.ton","3751"
"3752.ton","3752"
"3753.ton","3753"
"3754.ton","3754"
"3755.ton","3755"
"3756.ton","3756"
"3757.ton","3757"
"3758.ton","3758"
"3759.ton","3759"
"3760.ton","3760"
"3761.ton","3761"
"3762.ton","3762"
"3763.ton","3763"
"3764.ton","3764"
"3765.ton","3765"
"3766.ton","3766"
"3767.ton","3767"
"3768.ton","3768"
"3769.ton","3769"
"3770.ton","3770"
"3771.ton","3771"
"3772.ton","3772"
"3773.ton","3773"
"3774.ton","3774"
"3775.ton","3775"
"3776.ton","3776"
"3777.ton","3777"
"3778.ton","3778"
"3779.ton","3779"
"3780.ton","3780"
"3781.ton","3781"
"3782.ton","3782"
"3783.ton","3783"
"3784.ton","3784"
"3785.ton","3785"
"3786.ton","3786"
"3787.ton","3787"
"3788.ton","3788"
"3789.ton","3789"
"3790.ton","3790"
"3791.ton","3791"
"3792.ton","3792"
"3793.ton","3793"
"3794.ton","3794"
"3795.ton","3795"
"3796.ton","3796"
"3797.ton","3797"
"3798.ton","3798"
"3799.ton","3799"
"3800.ton","3800"
"3801.ton","3801"
"3802.ton","3802"
"3803.ton","3803"
"3804.ton","3804"
"3805.ton","3805"
"3806.ton","3806"
"3807.ton","3807"
"3808.ton","3808"
"3809.ton","3809"
"3810.ton","3810"
"3811.ton","3811"
"3812.ton","3812"
"3813.ton","3813"
"3814.ton","3814"
"3815.ton","3815"
"3816.ton","3816"
"3817.ton","3817"
"3818.ton","3818"
"3819.ton","3819"
"3820.ton","3820"
"3821.ton","3821"
"3822.ton","3822"
"3823.ton","3823"
"3824.ton","3824"
"3825.ton","3825"
"3826.ton","3826"
"3827.ton","3827"
"3828.ton","3828"
"3829.ton","3829"
"3830.ton","3830"
"3831.ton","3831"
"3832.ton","3832"
"3833.ton","3833"
"3834.ton","3834"
"3835.ton","3835"
"3836.ton","3836"
"3837.ton","3837"
"3838.ton","3838"
"3839.ton","3839"
"3840.ton","3840"
"3841.ton","3841"
"3842.ton","3842"
"3843.ton","3843"
"3844.ton","3844"
"3845.ton","3845"
"3846.ton","3846"
"3847.ton","3847"
"3848.ton","3848"
"3849.ton","3849"
"3850.ton","3850"
"3851.ton","3851"
"3852.ton","3852"
"3853.ton","3853"
"3854.ton","3854"
"3855.ton","3855"
"3856.ton","3856"
"3857.ton","3857"
"3858.ton","3858"
"3859.ton","3859"
"3860.ton","3860"
"3861.ton","3861"
"3862.ton","3862"
"3863.ton","3863"
"3864.ton","3864"
"3865.ton","3865"
"3866.ton","3866"
"3867.ton","3867"
"3868.ton","3868"
"3869.ton","3869"
"3870.ton","3870"
"3871.ton","3871"
"3872.ton","3872"
"3873.ton","3873"
"3874.ton","3874"
"3875.ton","3875"
"3876.ton","3876"
"3877.ton","3877"
"3878.ton","3878"
"3879.ton","3879"
"3880.ton","3880"
"3881.ton","3881"
"3882.ton","3882"
"3883.ton","3883"
"3884.ton","3884"
"3885.ton","3885"
"3886.ton","3886"
"3887.ton","3887"
"3888.ton","3888"
"3889.ton","3889"
"3890.ton","3890"
"3891.ton","3891"
"3892.ton","3892"
"3893.ton","3893"
"3894.ton","3894"
"3895.ton","3895"
"3896.ton","3896"
"3897.ton","3897"
"3898.ton","3898"
"3899.ton","3899"
"3900.ton","3900"
"3901.ton","3901"
"3902.ton","3902"
"3903.ton","3903"
"3904.ton","3904"
"3905.ton","3905"
"3906.ton","3906"
"3907.ton","3907"
"3908.ton","3908"
"3909.ton","3909"
"3910.ton","3910"
"3911.ton","3911"
"3912.ton","3912"
"3913.ton","3913"
"3914.ton","3914"
"3915.ton","3915"
"3916.ton","3916"
"3917.ton","3917"
"3918.ton","3918"
"3919.ton","3919"
"3920.ton","3920"
"3921.ton","3921"
"3922.ton","3922"
"3923.ton","3923"
"3924.ton","3924"
"3925.ton","3925"
"3926.ton","3926"
"3927.ton","3927"
"3928.ton","3928"
"3929.ton","3929"
"3930.ton","3930"
"3931.ton","3931"
"3932.ton","3932"
"3933.ton","3933"
"3934.ton","3934"
"3935.ton","3935"
"3936.ton","3936"
"3937.ton","3937"
"3938.ton","3938"
"3939.ton","3939"
"3940.ton","3940"
"3941.ton","3941"
"3942.ton","3942"
"3943.ton","3943"
"3944.ton","3944"
"3945.ton","3945"
"3946.ton","3946"
"3947.ton","3947"
"3948.ton","3948"
"3949.ton","3949"
"3950.ton","3950"
"3951.ton","3951"
"3952.ton","3952"
"3953.ton","3953"
"3954.ton","3954"
"3955.ton","3955"
"3956.ton","3956"
"3957.ton","3957"
"3958.ton","3958"
"3959.ton","3959"
"3960.ton","3960"
"3961.ton","3961"
"3962.ton","3962"
"3963.ton","3963"
"3964.ton","3964"
"3965.ton","3965"
"3966.ton","3966"
"3967.ton","3967"
"3968.ton","3968"
"3969.ton","3969"
"3970.ton","3970"
"3971.ton","3971"
"3972.ton","3972"
"3973.ton","3973"
"3974.ton","3974"
"3975.ton","3975"
"3976.ton","3976"
"3977.ton","3977"
"3978.ton","3978"
"3979.ton","3979"
"3980.ton","3980"
"3981.ton","3981"
"3982.ton","3982"
"3983.ton","3983"
"3984.ton","3984"
"3985.ton","3985"
"3986.ton","3986"
"3987.ton","3987"
"3988.ton","3988"
"3989.ton","3989"
"3990.ton","3990"
"3991.ton","3991"
"3992.ton","3992"
"3993.ton","3993"
"3994.ton","3994"
"3995.ton","3995"
"3996.ton","3996"
"3997.ton","3997"
"3998.ton","3998"
"3999.ton","3999"
"4000.ton","4000"
"4001.ton","4001"
"4002.ton","4002"
"4003.ton","4003"
"4004.ton","4004"
"4005.ton","4005"
"4006.ton","4006"
"4007.ton","4007"
"4008.ton","4008"
"4009.ton","4009"
"4010.ton","4010"
"4011.ton","4011"
"4012.ton","4012"
"4013.ton","4013"
"4014.ton","4014"
"4015.ton","4015"
"4016.ton","4016"
"4017.ton","4017"
"4018.ton","4018"
"4019.ton","4019"
"4020.ton","4020"
"4021.ton","4021"
"4022.ton","4022"
"4023.ton","4023"
"4024.ton","4024"
"4025.ton","4025"
"4026.ton","4026"
"4027.ton","4027"
"4028.ton","4028"
"4029.ton","4029"
"4030.ton","4030"
"4031.ton","4031"
"4032.ton","4032"
"4033.ton","4033"
"4034.ton","4034"
"4035.ton","4035"
"4036.ton","4036"
"4037.ton","4037"
"4038.ton","4038"
"4039.ton","4039"
"4040.ton","4040"
"4041.ton","4041"
"4042.ton","4042"
"4043.ton","4043"
"4044.ton","4044"
"4045.ton","4045"
"4046.ton","4046"
"4047.ton","4047"
"4048.ton","4048"
"4049.ton","4049"
"4050.ton","4050"
"4051.ton","4051"
"4052.ton","4052"
"4053.ton","4053"
"4054.ton","4054"
"4055.ton","4055"
"4056.ton","4056"
"4057.ton","4057"
"4058.ton","4058"
"4059.ton","4059"
"4060.ton","4060"
"4061.ton","4061"
"4062.ton","4062"
"4063.ton","4063"
"4064.ton","4064"
"4065.ton","4065"
"4066.ton","4066"
"4067.ton","4067"
"4068.ton","4068"
"4069.ton","4069"
"4070.ton","4070"
"4071.ton","4071"
"4072.ton","4072"
"4073.ton","4073"
"4074.ton","4074"
"4075.ton","4075"
"4076.ton","4076"
"4077.ton","4077"
"4078.ton","4078"
"4079.ton","4079"
"4080.ton","4080"
"4081.ton","4081"
"4082.ton","4082"
"4083.ton","4083"
"4084.ton","4084"
"4085.ton","4085"
"4086.ton","4086"
"4087.ton","4087"
"4088.ton","4088"
"4089.ton","4089"
"4090.ton","4090"
"4091.ton","4091"
"4092.ton","4092"
"4093.ton","4093"
"4094.ton","4094"
"4095.ton","4095"
"4096.ton","4096"
"4097.ton","4097"
"4098.ton","4098"
"4099.ton","4099"
"4100.ton","4100"
"4101.ton","4101"
"4102.ton","4102"
"4103.ton","4103"
"4104.ton","4104"
"4105.ton","4105"
"4106.ton","4106"
"4107.ton","4107"
"4108.ton","4108"
"4109.ton","4109"
"4110.ton","4110"
"4111.ton","4111"
"4112.ton","4112"
"4113.ton","4113"
"4114.ton","4114"
"4115.ton","4115"
"4116.ton","4116"
"4117.ton","4117"
"4118.ton","4118"
"4119.ton","4119"
"4120.ton","4120"
"4121.ton","4121"
"4122.ton","4122"
"4123.ton","4123"
"4124.ton","4124"
"4125.ton","4125"
"4126.ton","4126"
"4127.ton","4127"
"4128.ton","4128"
"4129.ton","4129"
"4130.ton","4130"
"4131.ton","4131"
"4132.ton","4132"
"4133.ton","4133"
"4134.ton","4134"
"4135.ton","4135"
"4136.ton","4136"
"4137.ton","4137"
"4138.ton","4138"
"4139.ton","4139"
"4140.ton","4140"
"4141.ton","4141"
"4142.ton","4142"
"4143.ton","4143"
"4144.ton","4144"
"4145.ton","4145"
"4146.ton","4146"
"4147.ton","4147"
"4148.ton","4148"
"4149.ton","4149"
"4150.ton","4150"
"4151.ton","4151"
"4152.ton","4152"
"4153.ton","4153"
"4154.ton","4154"
"4155.ton","4155"
"4156.ton","4156"
"4157.ton","4157"
"4158.ton","4158"
"4159.ton","4159"
"4160.ton","4160"
"4161.ton","4161"
"4162.ton","4162"
"4163.ton","4163"
"4164.ton","4164"
"4165.ton","4165"
"4166.ton","4166"
"4167.ton","4167"
"4168.ton","4168"
"4169.ton","4169"
"4170.ton","4170"
"4171.ton","4171"
"4172.ton","4172"
"4173.ton","4173"
"4174.ton","4174"
"4175.ton","4175"
"4176.ton","4176"
"4177.ton","4177"
"4178.ton","4178"
"4179.ton","4179"
"4180.ton","4180"
"4181.ton","4181"
"4182.ton","4182"
"4183.ton","4183"
"4184.ton","4184"
"4185.ton","4185"
"4186.ton","4186"
"4187.ton","4187"
"4188.ton","4188"
"4189.ton","4189"
"4190.ton","4190"
"4191.ton","4191"
"4192.ton","4192"
"4193.ton","4193"
"4194.ton","4194"
"4195.ton","4195"
"4196.ton","4196"
"4197.ton","4197"
"4198.ton","4198"
"4199.ton","4199"
"4200.ton","4200"
"4201.ton","4201"
"4202.ton","4202"
"4203.ton","4203"
"4204.ton","4204"
"4205.ton","4205"
"4206.ton","4206"
"4207.ton","4207"
"4208.ton","4208"
"4209.ton","4209"
"4210.ton","4210"
"4211.ton","4211"
"4212.ton","4212"
"4213.ton","4213"
"4214.ton","4214"
"4215.ton","4215"
"4216.ton","4216"
"4217.ton","4217"
"4218.ton","4218"
"4219.ton","4219"
"4220.ton","4220"
"4221.ton","4221"
"4222.ton","4222"
"4223.ton","4223"
"4224.ton","4224"
"4225.ton","4225"
"4226.ton","4226"
"4227.ton","4227"
"4228.ton","4228"
"4229.ton","4229"
"4230.ton","4230"
"4231.ton","4231"
"4232.ton","4232"
"4233.ton","4233"
"4234.ton","4234"
"4235.ton","4235"
"4236.ton","4236"
"4237.ton","4237"
"4238.ton","4238"
"4239.ton","4239"
"4240.ton","4240"
"4241.ton","4241"
"4242.ton","4242"
"4243.ton","4243"
"4244.ton","4244"
"4245.ton","4245"
"4246.ton","4246"
"4247.ton","4247"
"4248.ton","4248"
"4249.ton","4249"
"4250.ton","4250"
"4251.ton","4251"
"4252.ton","4252"
"4253.ton","4253"
"4254.ton","4254"
"4255.ton","4255"
"4256.ton","4256"
"4257.ton","4257"
"4258.ton","4258"
"4259.ton","4259"
"4260.ton","4260"
"4261.ton","4261"
"4262.ton","4262"
"4263.ton","4263"
"4264.ton","4264"
"4265.ton","4265"
"4266.ton","4266"
"4267.ton","4267"
"4268.ton","4268"
"4269.ton","4269"
"4270.ton","4270"
"4271.ton","4271"
"4272.ton","4272"
"4273.ton","4273"
"4274.ton","4274"
"4275.ton","4275"
"4276.ton","4276"
"4277.ton","4277"
"4278.ton","4278"
"4279.ton","4279"
"4280.ton","4280"
"4281.ton","4281"
"4282.ton","4282"
"4283.ton","4283"
"4284.ton","4284"
"4285.ton","4285"
"4286.ton","4286"
"4287.ton","4287"
"4288.ton","4288"
"4289.ton","4289"
"4290.ton","4290"
"4291.ton","4291"
"4292.ton","4292"
"4293.ton","4293"
"4294.ton","4294"
"4295.ton","4295"
"4296.ton","4296"
"4297.ton","4297"
"4298.ton","4298"
"4299.ton","4299"
"4300.ton","4300"
"4301.ton","4301"
"4302.ton","4302"
"4303.ton","4303"
"4304.ton","4304"
"4305.ton","4305"
"4306.ton","4306"
"4307.ton","4307"
"4308.ton","4308"
"4309.ton","4309"
"4310.ton","4310"
"4311.ton","4311"
"4312.ton","4312"
"4313.ton","4313"
"4314.ton","4314"
"4315.ton","4315"
"4316.ton","4316"
"4317.ton","4317"
"4318.ton","4318"
"4319.ton","4319"
"4320.ton","4320"
"4321.ton","4321"
"4322.ton","4322"
"4323.ton","4323"
"4324.ton","4324"
"4325.ton","4325"
"4326.ton","4326"
"4327.ton","4327"
"4328.ton","4328"
"4329.ton","4329"
"4330.ton","4330"
"4331.ton","4331"
"4332.ton","4332"
"4333.ton","4333"
"4334.ton","4334"
"4335.ton","4335"
"4336.ton","4336"
"4337.ton","4337"
"4338.ton","4338"
"4339.ton","4339"
"4340.ton","4340"
"4341.ton","4341"
"4342.ton","4342"
"4343.ton","4343"
"4344.ton","4344"
"4345.ton","4345"
"4346.ton","4346"
"4347.ton","4347"
"4348.ton","4348"
"4349.ton","4349"
"4350.ton","4350"
"4351.ton","4351"
"4352.ton","4352"
"4353.ton","4353"
"4354.ton","4354"
"4355.ton","4355"
"4356.ton","4356"
"4357.ton","4357"
"4358.ton","4358"
"4359.ton","4359"
"4360.ton","4360"
"4361.ton","4361"
"4362.ton","4362"
"4363.ton","4363"
"4364.ton","4364"
"4365.ton","4365"
"4366.ton","4366"
"4367.ton","4367"
"4368.ton","4368"
"4369.ton","4369"
"4370.ton","4370"
"4371.ton","4371"
"4372.ton","4372"
"4373.ton","4373"
"4374.ton","4374"
"4375.ton","4375"
"4376.ton","4376"
"4377.ton","4377"
"4378.ton","4378"
"4379.ton","4379"
"4380.ton","4380"
"4381.ton","4381"
"4382.ton","4382"
"4383.ton","4383"
"4384.ton","4384"
"4385.ton","4385"
"4386.ton","4386"
"4387.ton","4387"
"4388.ton","4388"
"4389.ton","4389"
"4390.ton","4390"
"4391.ton","4391"
"4392.ton","4392"
"4393.ton","4393"
"4394.ton","4394"
"4395.ton","4395"
"4396.ton","4396"
"4397.ton","4397"
"4398.ton","4398"
"4399.ton","4399"
"4400.ton","4400"
"4401.ton","4401"
"4402.ton","4402"
"4403.ton","4403"
"4404.ton","4404"
"4405.ton","4405"
"4406.ton","4406"
"4407.ton","4407"
"4408.ton","4408"
"4409.ton","4409"
"4410.ton","4410"
"4411.ton","4411"
"4412.ton","4412"
"4413.ton","4413"
"4414.ton","4414"
"4415.ton","4415"
"4416.ton","4416"
"4417.ton","4417"
"4418.ton","4418"
"4419.ton","4419"
"4420.ton","4420"
"4421.ton","4421"
"4422.ton","4422"
"4423.ton","4423"
"4424.ton","4424"
"4425.ton","4425"
"4426.ton","4426"
"4427.ton","4427"
"4428.ton","4428"
"4429.ton","4429"
"4430.ton","4430"
"4431.ton","4431"
"4432.ton","4432"
"4433.ton","4433"
"4434.ton","4434"
"4435.ton","4435"
"4436.ton","4436"
"4437.ton","4437"
"4438.ton","4438"
"4439.ton","4439"
"4440.ton","4440"
"4441.ton","4441"
"4442.ton","4442"
"4443.ton","4443"
"4444.ton","4444"
"4445.ton","4445"
"4446.ton","4446"
"4447.ton","4447"
"4448.ton","4448"
"4449.ton","4449"
"4450.ton","4450"
"4451.ton","4451"
"4452.ton","4452"
"4453.ton","4453"
"4454.ton","4454"
"4455.ton","4455"
"4456.ton","4456"
"4457.ton","4457"
"4458.ton","4458"
"4459.ton","4459"
"4460.ton","4460"
"4461.ton","4461"
"4462.ton","4462"
"4463.ton","4463"
"4464.ton","4464"
"4465.ton","4465"
"4466.ton","4466"
"4467.ton","4467"
"4468.ton","4468"
"4469.ton","4469"
"4470.ton","4470"
"4471.ton","4471"
"4472.ton","4472"
"4473.ton","4473"
"4474.ton","4474"
"4475.ton","4475"
"4476.ton","4476"
"4477.ton","4477"
"4478.ton","4478"
"4479.ton","4479"
"4480.ton","4480"
"4481.ton","4481"
"4482.ton","4482"
"4483.ton","4483"
"4484.ton","4484"
"4485.ton","4485"
"4486.ton","4486"
"4487.ton","4487"
"4488.ton","4488"
"4489.ton","4489"
"4490.ton","4490"
"4491.ton","4491"
"4492.ton","4492"
"4493.ton","4493"
"4494.ton","4494"
"4495.ton","4495"
"4496.ton","4496"
"4497.ton","4497"
"4498.ton","4498"
"4499.ton","4499"
"4500.ton","4500"
"4501.ton","4501"
"4502.ton","4502"
"4503.ton","4503"
"4504.ton","4504"
"4505.ton","4505"
"4506.ton","4506"
"4507.ton","4507"
"4508.ton","4508"
"4509.ton","4509"
"4510.ton","4510"
"4511.ton","4511"
"4512.ton","4512"
"4513.ton","4513"
"4514.ton","4514"
"4515.ton","4515"
"4516.ton","4516"
"4517.ton","4517"
"4518.ton","4518"
"4519.ton","4519"
"4520.ton","4520"
"4521.ton","4521"
"4522.ton","4522"
"4523.ton","4523"
"4524.ton","4524"
"4525.ton","4525"
"4526.ton","4526"
"4527.ton","4527"
"4528.ton","4528"
"4529.ton","4529"
"4530.ton","4530"
"4531.ton","4531"
"4532.ton","4532"
"4533.ton","4533"
"4534.ton","4534"
"4535.ton","4535"
"4536.ton","4536"
"4537.ton","4537"
"4538.ton","4538"
"4539.ton","4539"
"4540.ton","4540"
"4541.ton","4541"
"4542.ton","4542"
"4543.ton","4543"
"4544.ton","4544"
"4545.ton","4545"
"4546.ton","4546"
"4547.ton","4547"
"4548.ton","4548"
"4549.ton","4549"
"4550.ton","4550"
"4551.ton","4551"
"4552.ton","4552"
"4553.ton","4553"
"4554.ton","4554"
"4555.ton","4555"
"4556.ton","4556"
"4557.ton","4557"
"4558.ton","4558"
"4559.ton","4559"
"4560.ton","4560"
"4561.ton","4561"
"4562.ton","4562"
"4563.ton","4563"
"4564.ton","4564"
"4565.ton","4565"
"4566.ton","4566"
"4567.ton","4567"
"4568.ton","4568"
"4569.ton","4569"
"4570.ton","4570"
"4571.ton","4571"
"4572.ton","4572"
"4573.ton","4573"
"4574.ton","4574"
"4575.ton","4575"
"4576.ton","4576"
"4577.ton","4577"
"4578.ton","4578"
"4579.ton","4579"
"4580.ton","4580"
"4581.ton","4581"
"4582.ton","4582"
"4583.ton","4583"
"4584.ton","4584"
"4585.ton","4585"
"4586.ton","4586"
"4587.ton","4587"
"4588.ton","4588"
"4589.ton","4589"
"4590.ton","4590"
"4591.ton","4591"
"4592.ton","4592"
"4593.ton","4593"
"4594.ton","4594"
"4595.ton","4595"
"4596.ton","4596"
"4597.ton","4597"
"4598.ton","4598"
"4599.ton","4599"
"4600.ton","4600"
"4601.ton","4601"
"4602.ton","4602"
"4603.ton","4603"
"4604.ton","4604"
"4605.ton","4605"
"4606.ton","4606"
"4607.ton","4607"
"4608.ton","4608"
"4609.ton","4609"
"4610.ton","4610"
"4611.ton","4611"
"4612.ton","4612"
"4613.ton","4613"
"4614.ton","4614"
"4615.ton","4615"
"4616.ton","4616"
"4617.ton","4617"
"4618.ton","4618"
"4619.ton","4619"
"4620.ton","4620"
"4621.ton","4621"
"4622.ton","4622"
"4623.ton","4623"
"4624.ton","4624"
"4625.ton","4625"
"4626.ton","4626"
"4627.ton","4627"
"4628.ton","4628"
"4629.ton","4629"
"4630.ton","4630"
"4631.ton","4631"
"4632.ton","4632"
"4633.ton","4633"
"4634.ton","4634"
"4635.ton","4635"
"4636.ton","4636"
"4637.ton","4637"
"4638.ton","4638"
"4639.ton","4639"
"4640.ton","4640"
"4641.ton","4641"
"4642.ton","4642"
"4643.ton","4643"
"4644.ton","4644"
"4645.ton","4645"
"4646.ton","4646"
"4647.ton","4647"
"4648.ton","4648"
"4649.ton","4649"
"4650.ton","4650"
"4651.ton","4651"
"4652.ton","4652"
"4653.ton","4653"
"4654.ton","4654"
"4655.ton","4655"
"4656.ton","4656"
"4657.ton","4657"
"4658.ton","4658"
"4659.ton","4659"
"4660.ton","4660"
"4661.ton","4661"
"4662.ton","4662"
"4663.ton","4663"
"4664.ton","4664"
"4665.ton","4665"
"4666.ton","4666"
"4667.ton","4667"
"4668.ton","4668"
"4669.ton","4669"
"4670.ton","4670"
"4671.ton","4671"
"4672.ton","4672"
"4673.ton","4673"
"4674.ton","4674"
"4675.ton","4675"
"4676.ton","4676"
"4677.ton","4677"
"4678.ton","4678"
"4679.ton","4679"
"4680.ton","4680"
"4681.ton","4681"
"4682.ton","4682"
"4683.ton","4683"
"4684.ton","4684"
"4685.ton","4685"
"4686.ton","4686"
"4687.ton","4687"
"4688.ton","4688"
"4689.ton","4689"
"4690.ton","4690"
"4691.ton","4691"
"4692.ton","4692"
"4693.ton","4693"
"4694.ton","4694"
"4695.ton","4695"
"4696.ton","4696"
"4697.ton","4697"
"4698.ton","4698"
"4699.ton","4699"
"4700.ton","4700"
"4701.ton","4701"
"4702.ton","4702"
"4703.ton","4703"
"4704.ton","4704"
"4705.ton","4705"
"4706.ton","4706"
"4707.ton","4707"
"4708.ton","4708"
"4709.ton","4709"
"4710.ton","4710"
"4711.ton","4711"
"4712.ton","4712"
"4713.ton","4713"
"4714.ton","4714"
"4715.ton","4715"
"4716.ton","4716"
"4717.ton","4717"
"4718.ton","4718"
"4719.ton","4719"
"4720.ton","4720"
"4721.ton","4721"
"4722.ton","4722"
"4723.ton","4723"
"4724.ton","4724"
"4725.ton","4725"
"4726.ton","4726"
"4727.ton","4727"
"4728.ton","4728"
"4729.ton","4729"
"4730.ton","4730"
"4731.ton","4731"
"4732.ton","4732"
"4733.ton","4733"
"4734.ton","4734"
"4735.ton","4735"
"4736.ton","4736"
"4737.ton","4737"
"4738.ton","4738"
"4739.ton","4739"
"4740.ton","4740"
"4741.ton","4741"
"4742.ton","4742"
"4743.ton","4743"
"4744.ton","4744"
"4745.ton","4745"
"4746.ton","4746"
"4747.ton","4747"
"4748.ton","4748"
"4749.ton","4749"
"4750.ton","4750"
"4751.ton","4751"
"4752.ton","4752"
"4753.ton","4753"
"4754.ton","4754"
"4755.ton","4755"
"4756.ton","4756"
"4757.ton","4757"
"4758.ton","4758"
"4759.ton","4759"
"4760.ton","4760"
"4761.ton","4761"
"4762.ton","4762"
"4763.ton","4763"
"4764.ton","4764"
"4765.ton","4765"
"4766.ton","4766"
"4767.ton","4767"
"4768.ton","4768"
"4769.ton","4769"
"4770.ton","4770"
"4771.ton","4771"
"4772.ton","4772"
"4773.ton","4773"
"4774.ton","4774"
"4775.ton","4775"
"4776.ton","4776"
"4777.ton","4777"
"4778.ton","4778"
"4779.ton","4779"
"4780.ton","4780"
"4781.ton","4781"
"4782.ton","4782"
"4783.ton","4783"
"4784.ton","4784"
"4785.ton","4785"
"4786.ton","4786"
"4787.ton","4787"
"4788.ton","4788"
"4789.ton","4789"
"4790.ton","4790"
"4791.ton","4791"
"4792.ton","4792"
"4793.ton","4793"
"4794.ton","4794"
"4795.ton","4795"
"4796.ton","4796"
"4797.ton","4797"
"4798.ton","4798"
"4799.ton","4799"
"4800.ton","4800"
"4801.ton","4801"
"4802.ton","4802"
"4803.ton","4803"
"4804.ton","4804"
"4805.ton","4805"
"4806.ton","4806"
"4807.ton","4807"
"4808.ton","4808"
"4809.ton","4809"
"4810.ton","4810"
"4811.ton","4811"
"4812.ton","4812"
"4813.ton","4813"
"4814.ton","4814"
"4815.ton","4815"
"4816.ton","4816"
"4817.ton","4817"
"4818.ton","4818"
"4819.ton","4819"
"4820.ton","4820"
"4821.ton","4821"
"4822.ton","4822"
"4823.ton","4823"
"4824.ton","4824"
"4825.ton","4825"
"4826.ton","4826"
"4827.ton","4827"
"4828.ton","4828"
"4829.ton","4829"
"4830.ton","4830"
"4831.ton","4831"
"4832.ton","4832"
"4833.ton","4833"
"4834.ton","4834"
"4835.ton","4835"
"4836.ton","4836"
"4837.ton","4837"
"4838.ton","4838"
"4839.ton","4839"
"4840.ton","4840"
"4841.ton","4841"
"4842.ton","4842"
"4843.ton","4843"
"4844.ton","4844"
"4845.ton","4845"
"4846.ton","4846"
"4847.ton","4847"
"4848.ton","4848"
"4849.ton","4849"
"4850.ton","4850"
"4851.ton","4851"
"4852.ton","4852"
"4853.ton","4853"
"4854.ton","4854"
"4855.ton","4855"
"4856.ton","4856"
"4857.ton","4857"
"4858.ton","4858"
"4859.ton","4859"
"4860.ton","4860"
"4861.ton","4861"
"4862.ton","4862"
"4863.ton","4863"
"4864.ton","4864"
"4865.ton","4865"
"4866.ton","4866"
"4867.ton","4867"
"4868.ton","4868"
"4869.ton","4869"
"4870.ton","4870"
"4871.ton","4871"
"4872.ton","4872"
"4873.ton","4873"
"4874.ton","4874"
"4875.ton","4875"
"4876.ton","4876"
"4877.ton","4877"
"4878.ton","4878"
"4879.ton","4879"
"4880.ton","4880"
"4881.ton","4881"
"4882.ton","4882"
"4883.ton","4883"
"4884.ton","4884"
"4885.ton","4885"
"4886.ton","4886"
"4887.ton","4887"
"4888.ton","4888"
"4889.ton","4889"
"4890.ton","4890"
"4891.ton","4891"
"4892.ton","4892"
"4893.ton","4893"
"4894.ton","4894"
"4895.ton","4895"
"4896.ton","4896"
"4897.ton","4897"
"4898.ton","4898"
"4899.ton","4899"
"4900.ton","4900"
"4901.ton","4901"
"4902.ton","4902"
"4903.ton","4903"
"4904.ton","4904"
"4905.ton","4905"
"4906.ton","4906"
"4907.ton","4907"
"4908.ton","4908"
"4909.ton","4909"
"4910.ton","4910"
"4911.ton","4911"
"4912.ton","4912"
"4913.ton","4913"
"4914.ton","4914"
"4915.ton","4915"
"4916.ton","4916"
"4917.ton","4917"
"4918.ton","4918"
"4919.ton","4919"
"4920.ton","4920"
"4921.ton","4921"
"4922.ton","4922"
"4923.ton","4923"
"4924.ton","4924"
"4925.ton","4925"
"4926.ton","4926"
"4927.ton","4927"
"4928.ton","4928"
"4929.ton","4929"
"4930.ton","4930"
"4931.ton","4931"
"4932.ton","4932"
"4933.ton","4933"
"4934.ton","4934"
"4935.ton","4935"
"4936.ton","4936"
"4937.ton","4937"
"4938.ton","4938"
"4939.ton","4939"
"4940.ton","4940"
"4941.ton","4941"
"4942.ton","4942"
"4943.ton","4943"
"4944.ton","4944"
"4945.ton","4945"
"4946.ton","4946"
"4947.ton","4947"
"4948.ton","4948"
"4949.ton","4949"
"4950.ton","4950"
"4951.ton","4951"
"4952.ton","4952"
"4953.ton","4953"
"4954.ton","4954"
"4955.ton","4955"
"4956.ton","4956"
"4957.ton","4957"
"4958.ton","4958"
"4959.ton","4959"
"4960.ton","4960"
"4961.ton","4961"
"4962.ton","4962"
"4963.ton","4963"
"4964.ton","4964"
"4965.ton","4965"
"4966.ton","4966"
"4967.ton","4967"
"4968.ton","4968"
"4969.ton","4969"
"4970.ton","4970"
"4971.ton","4971"
"4972.ton","4972"
"4973.ton","4973"
"4974.ton","4974"
"4975.ton","4975"
"4976.ton","4976"
"4977.ton","4977"
"4978.ton","4978"
"4979.ton","4979"
"4980.ton","4980"
"4981.ton","4981"
"4982.ton","4982"
"4983.ton","4983"
"4984.ton","4984"
"4985.ton","4985"
"4986.ton","4986"
"4987.ton","4987"
"4988.ton","4988"
"4989.ton","4989"
"4990.ton","4990"
"4991.ton","4991"
"4992.ton","4992"
"4993.ton","4993"
"4994.ton","4994"
"4995.ton","4995"
"4996.ton","4996"
"4997.ton","4997"
"4998.ton","4998"
"4999.ton","4999"
"5000.ton","5000"
"5001.ton","5001"
"5002.ton","5002"
"5003.ton","5003"
"5004.ton","5004"
"5005.ton","5005"
"5006.ton","5006"
"5007.ton","5007"
"5008.ton","5008"
"5009.ton","5009"
"5010.ton","5010"
"5011.ton","5011"
"5012.ton","5012"
"5013.ton","5013"
"5014.ton","5014"
"5015.ton","5015"
"5016.ton","5016"
"5017.ton","5017"
"5018.ton","5018"
"5019.ton","5019"
"5020.ton","5020"
"5021.ton","5021"
"5022.ton","5022"
"5023.ton","5023"
"5024.ton","5024"
"5025.ton","5025"
"5026.ton","5026"
"5027.ton","5027"
"5028.ton","5028"
"5029.ton","5029"
"5030.ton","5030"
"5031.ton","5031"
"5032.ton","5032"
"5033.ton","5033"
"5034.ton","5034"
"5035.ton","5035"
"5036.ton","5036"
"5037.ton","5037"
"5038.ton","5038"
"5039.ton","5039"
"5040.ton","5040"
"5041.ton","5041"
"5042.ton","5042"
"5043.ton","5043"
"5044.ton","5044"
"5045.ton","5045"
"5046.ton","5046"
"5047.ton","5047"
"5048.ton","5048"
"5049.ton","5049"
"5050.ton","5050"
"5051.ton","5051"
"5052.ton","5052"
"5053.ton","5053"
"5054.ton","5054"
"5055.ton","5055"
"5056.ton","5056"
"5057.ton","5057"
"5058.ton","5058"
"5059.ton","5059"
"5060.ton","5060"
"5061.ton","5061"
"5062.ton","5062"
"5063.ton","5063"
"5064.ton","5064"
"5065.ton","5065"
"5066.ton","5066"
"5067.ton","5067"
"5068.ton","5068"
"5069.ton","5069"
"5070.ton","5070"
"5071.ton","5071"
"5072.ton","5072"
"5073.ton","5073"
"5074.ton","5074"
"5075.ton","5075"
"5076.ton","5076"
"5077.ton","5077"
"5078.ton","5078"
"5079.ton","5079"
"5080.ton","5080"
"5081.ton","5081"
"5082.ton","5082"
"5083.ton","5083"
"5084.ton","5084"
"5085.ton","5085"
"5086.ton","5086"
"5087.ton","5087"
"5088.ton","5088"
"5089.ton","5089"
"5090.ton","5090"
"5091.ton","5091"
"5092.ton","5092"
"5093.ton","5093"
"5094.ton","5094"
"5095.ton","5095"
"5096.ton","5096"
"5097.ton","5097"
"5098.ton","5098"
"5099.ton","5099"
"5100.ton","5100"
"5101.ton","5101"
"5102.ton","5102"
"5103.ton","5103"
"5104.ton","5104"
"5105.ton","5105"
"5106.ton","5106"
"5107.ton","5107"
"5108.ton","5108"
"5109.ton","5109"
"5110.ton","5110"
"5111.ton","5111"
"5112.ton","5112"
"5113.ton","5113"
"5114.ton","5114"
"5115.ton","5115"
"5116.ton","5116"
"5117.ton","5117"
"5118.ton","5118"
"5119.ton","5119"
"5120.ton","5120"
"5121.ton","5121"
"5122.ton","5122"
"5123.ton","5123"
"5124.ton","5124"
"5125.ton","5125"
"5126.ton","5126"
"5127.ton","5127"
"5128.ton","5128"
"5129.ton","5129"
"5130.ton","5130"
"5131.ton","5131"
"5132.ton","5132"
"5133.ton","5133"
"5134.ton","5134"
"5135.ton","5135"
"5136.ton","5136"
"5137.ton","5137"
"5138.ton","5138"
"5139.ton","5139"
"5140.ton","5140"
"5141.ton","5141"
"5142.ton","5142"
"5143.ton","5143"
"5144.ton","5144"
"5145.ton","5145"
"5146.ton","5146"
"5147.ton","5147"
"5148.ton","5148"
"5149.ton","5149"
"5150.ton","5150"
"5151.ton","5151"
"5152.ton","5152"
"5153.ton","5153"
"5154.ton","5154"
"5155.ton","5155"
"5156.ton","5156"
"5157.ton","5157"
"5158.ton","5158"
"5159.ton","5159"
"5160.ton","5160"
"5161.ton","5161"
"5162.ton","5162"
"5163.ton","5163"
"5164.ton","5164"
"5165.ton","5165"
"5166.ton","5166"
"5167.ton","5167"
"5168.ton","5168"
"5169.ton","5169"
"5170.ton","5170"
"5171.ton","5171"
"5172.ton","5172"
"5173.ton","5173"
"5174.ton","5174"
"5175.ton","5175"
"5176.ton","5176"
"5177.ton","5177"
"5178.ton","5178"
"5179.ton","5179"
"5180.ton","5180"
"5181.ton","5181"
"5182.ton","5182"
"5183.ton","5183"
"5184.ton","5184"
"5185.ton","5185"
"5186.ton","5186"
"5187.ton","5187"
"5188.ton","5188"
"5189.ton","5189"
"5190.ton","5190"
"5191.ton","5191"
"5192.ton","5192"
"5193.ton","5193"
"5194.ton","5194"
"5195.ton","5195"
"5196.ton","5196"
"5197.ton","5197"
"5198.ton","5198"
"5199.ton","5199"
"5200.ton","5200"
"5201.ton","5201"
"5202.ton","5202"
"5203.ton","5203"
"5204.ton","5204"
"5205.ton","5205"
"5206.ton","5206"
"5207.ton","5207"
"5208.ton","5208"
"5209.ton","5209"
"5210.ton","5210"
"5211.ton","5211"
"5212.ton","5212"
"5213.ton","5213"
"5214.ton","5214"
"5215.ton","5215"
"5216.ton","5216"
"5217.ton","5217"
"5218.ton","5218"
"5219.ton","5219"
"5220.ton","5220"
"5221.ton","5221"
"5222.ton","5222"
"5223.ton","5223"
"5224.ton","5224"
"5225.ton","5225"
"5226.ton","5226"
"5227.ton","5227"
"5228.ton","5228"
"5229.ton","5229"
"5230.ton","5230"
"5231.ton","5231"
"5232.ton","5232"
"5233.ton","5233"
"5234.ton","5234"
"5235.ton","5235"
"5236.ton","5236"
"5237.ton","5237"
"5238.ton","5238"
"5239.ton","5239"
"5240.ton","5240"
"5241.ton","5241"
"5242.ton","5242"
"5243.ton","5243"
"5244.ton","5244"
"5245.ton","5245"
"5246.ton","5246"
"5247.ton","5247"
"5248.ton","5248"
"5249.ton","5249"
"5250.ton","5250"
"5251.ton","5251"
"5252.ton","5252"
"5253.ton","5253"
"5254.ton","5254"
"5255.ton","5255"
"5256.ton","5256"
"5257.ton","5257"
"5258.ton","5258"
"5259.ton","5259"
"5260.ton","5260"
"5261.ton","5261"
"5262.ton","5262"
"5263.ton","5263"
"5264.ton","5264"
"5265.ton","5265"
"5266.ton","5266"
"5267.ton","5267"
"5268.ton","5268"
"5269.ton","5269"
"5270.ton","5270"
"5271.ton","5271"
"5272.ton","5272"
"5273.ton","5273"
"5274.ton","5274"
"5275.ton","5275"
"5276.ton","5276"
"5277.ton","5277"
"5278.ton","5278"
"5279.ton","5279"
"5280.ton","5280"
"5281.ton","5281"
"5282.ton","5282"
"5283.ton","5283"
"5284.ton","5284"
"5285.ton","5285"
"5286.ton","5286"
"5287.ton","5287"
"5288.ton","5288"
"5289.ton","5289"
"5290.ton","5290"
"5291.ton","5291"
"5292.ton","5292"
"5293.ton","5293"
"5294.ton","5294"
"5295.ton","5295"
"5296.ton","5296"
"5297.ton","5297"
"5298.ton","5298"
"5299.ton","5299"
"5300.ton","5300"
"5301.ton","5301"
"5302.ton","5302"
"5303.ton","5303"
"5304.ton","5304"
"5305.ton","5305"
"5306.ton","5306"
"5307.ton","5307"
"5308.ton","5308"
"5309.ton","5309"
"5310.ton","5310"
"5311.ton","5311"
"5312.ton","5312"
"5313.ton","5313"
"5314.ton","5314"
"5315.ton","5315"
"5316.ton","5316"
"5317.ton","5317"
"5318.ton","5318"
"5319.ton","5319"
"5320.ton","5320"
"5321.ton","5321"
"5322.ton","5322"
"5323.ton","5323"
"5324.ton","5324"
"5325.ton","5325"
"5326.ton","5326"
"5327.ton","5327"
"5328.ton","5328"
"5329.ton","5329"
"5330.ton","5330"
"5331.ton","5331"
"5332.ton","5332"
"5333.ton","5333"
"5334.ton","5334"
"5335.ton","5335"
"5336.ton","5336"
"5337.ton","5337"
"5338.ton","5338"
"5339.ton","5339"
"5340.ton","5340"
"5341.ton","5341"
"5342.ton","5342"
"5343.ton","5343"
"5344.ton","5344"
"5345.ton","5345"
"5346.ton","5346"
"5347.ton","5347"
"5348.ton","5348"
"5349.ton","5349"
"5350.ton","5350"
"5351.ton","5351"
"5352.ton","5352"
"5353.ton","5353"
"5354.ton","5354"
"5355.ton","5355"
"5356.ton","5356"
"5357.ton","5357"
"5358.ton","5358"
"5359.ton","5359"
"5360.ton","5360"
"5361.ton","5361"
"5362.ton","5362"
"5363.ton","5363"
"5364.ton","5364"
"5365.ton","5365"
"5366.ton","5366"
"5367.ton","5367"
"5368.ton","5368"
"5369.ton","5369"
"5370.ton","5370"
"5371.ton","5371"
"5372.ton","5372"
"5373.ton","5373"
"5374.ton","5374"
"5375.ton","5375"
"5376.ton","5376"
"5377.ton","5377"
"5378.ton","5378"
"5379.ton","5379"
"5380.ton","5380"
"5381.ton","5381"
"5382.ton","5382"
"5383.ton","5383"
"5384.ton","5384"
"5385.ton","5385"
"5386.ton","5386"
"5387.ton","5387"
"5388.ton","5388"
"5389.ton","5389"
"5390.ton","5390"
"5391.ton","5391"
"5392.ton","5392"
"5393.ton","5393"
"5394.ton","5394"
"5395.ton","5395"
"5396.ton","5396"
"5397.ton","5397"
"5398.ton","5398"
"5399.ton","5399"
"5400.ton","5400"
"5401.ton","5401"
"5402.ton","5402"
"5403.ton","5403"
"5404.ton","5404"
"5405.ton","5405"
"5406.ton","5406"
"5407.ton","5407"
"5408.ton","5408"
"5409.ton","5409"
"5410.ton","5410"
"5411.ton","5411"
"5412.ton","5412"
"5413.ton","5413"
"5414.ton","5414"
"5415.ton","5415"
"5416.ton","5416"
"5417.ton","5417"
"5418.ton","5418"
"5419.ton","5419"
"5420.ton","5420"
"5421.ton","5421"
"5422.ton","5422"
"5423.ton","5423"
"5424.ton","5424"
"5425.ton","5425"
"5426.ton","5426"
"5427.ton","5427"
"5428.ton","5428"
"5429.ton","5429"
"5430.ton","5430"
"5431.ton","5431"
"5432.ton","5432"
"5433.ton","5433"
"5434.ton","5434"
"5435.ton","5435"
"5436.ton","5436"
"5437.ton","5437"
"5438.ton","5438"
"5439.ton","5439"
"5440.ton","5440"
"5441.ton","5441"
"5442.ton","5442"
"5443.ton","5443"
"5444.ton","5444"
"5445.ton","5445"
"5446.ton","5446"
"5447.ton","5447"
"5448.ton","5448"
"5449.ton","5449"
"5450.ton","5450"
"5451.ton","5451"
"5452.ton","5452"
"5453.ton","5453"
"5454.ton","5454"
"5455.ton","5455"
"5456.ton","5456"
"5457.ton","5457"
"5458.ton","5458"
"5459.ton","5459"
"5460.ton","5460"
"5461.ton","5461"
"5462.ton","5462"
"5463.ton","5463"
"5464.ton","5464"
"5465.ton","5465"
"5466.ton","5466"
"5467.ton","5467"
"5468.ton","5468"
"5469.ton","5469"
"5470.ton","5470"
"5471.ton","5471"
"5472.ton","5472"
"5473.ton","5473"
"5474.ton","5474"
"5475.ton","5475"
"5476.ton","5476"
"5477.ton","5477"
"5478.ton","5478"
"5479.ton","5479"
"5480.ton","5480"
"5481.ton","5481"
"5482.ton","5482"
"5483.ton","5483"
"5484.ton","5484"
"5485.ton","5485"
"5486.ton","5486"
"5487.ton","5487"
"5488.ton","5488"
"5489.ton","5489"
"5490.ton","5490"
"5491.ton","5491"
"5492.ton","5492"
"5493.ton","5493"
"5494.ton","5494"
"5495.ton","5495"
"5496.ton","5496"
"5497.ton","5497"
"5498.ton","5498"
"5499.ton","5499"
"5500.ton","5500"
"5501.ton","5501"
"5502.ton","5502"
"5503.ton","5503"
"5504.ton","5504"
"5505.ton","5505"
"5506.ton","5506"
"5507.ton","5507"
"5508.ton","5508"
"5509.ton","5509"
"5510.ton","5510"
"5511.ton","5511"
"5512.ton","5512"
"5513.ton","5513"
"5514.ton","5514"
"5515.ton","5515"
"5516.ton","5516"
"5517.ton","5517"
"5518.ton","5518"
"5519.ton","5519"
"5520.ton","5520"
"5521.ton","5521"
"5522.ton","5522"
"5523.ton","5523"
"5524.ton","5524"
"5525.ton","5525"
"5526.ton","5526"
"5527.ton","5527"
"5528.ton","5528"
"5529.ton","5529"
"5530.ton","5530"
"5531.ton","5531"
"5532.ton","5532"
"5533.ton","5533"
"5534.ton","5534"
"5535.ton","5535"
"5536.ton","5536"
"5537.ton","5537"
"5538.ton","5538"
"5539.ton","5539"
"5540.ton","5540"
"5541.ton","5541"
"5542.ton","5542"
"5543.ton","5543"
"5544.ton","5544"
"5545.ton","5545"
"5546.ton","5546"
"5547.ton","5547"
"5548.ton","5548"
"5549.ton","5549"
"5550.ton","5550"
"5551.ton","5551"
"5552.ton","5552"
"5553.ton","5553"
"5554.ton","5554"
"5555.ton","5555"
"5556.ton","5556"
"5557.ton","5557"
"5558.ton","5558"
"5559.ton","5559"
"5560.ton","5560"
"5561.ton","5561"
"5562.ton","5562"
"5563.ton","5563"
"5564.ton","5564"
"5565.ton","5565"
"5566.ton","5566"
"5567.ton","5567"
"5568.ton","5568"
"5569.ton","5569"
"5570.ton","5570"
"5571.ton","5571"
"5572.ton","5572"
"5573.ton","5573"
"5574.ton","5574"
"5575.ton","5575"
"5576.ton","5576"
"5577.ton","5577"
"5578.ton","5578"
"5579.ton","5579"
"5580.ton","5580"
"5581.ton","5581"
"5582.ton","5582"
"5583.ton","5583"
"5584.ton","5584"
"5585.ton","5585"
"5586.ton","5586"
"5587.ton","5587"
"5588.ton","5588"
"5589.ton","5589"
"5590.ton","5590"
"5591.ton","5591"
"5592.ton","5592"
"5593.ton","5593"
"5594.ton","5594"
"5595.ton","5595"
"5596.ton","5596"
"5597.ton","5597"
"5598.ton","5598"
"5599.ton","5599"
"5600.ton","5600"
"5601.ton","5601"
"5602.ton","5602"
"5603.ton","5603"
"5604.ton","5604"
"5605.ton","5605"
"5606.ton","5606"
"5607.ton","5607"
"5608.ton","5608"
"5609.ton","5609"
"5610.ton","5610"
"5611.ton","5611"
"5612.ton","5612"
"5613.ton","5613"
"5614.ton","5614"
"5615.ton","5615"
"5616.ton","5616"
"5617.ton","5617"
"5618.ton","5618"
"5619.ton","5619"
"5620.ton","5620"
"5621.ton","5621"
"5622.ton","5622"
"5623.ton","5623"
"5624.ton","5624"
"5625.ton","5625"
"5626.ton","5626"
"5627.ton","5627"
"5628.ton","5628"
"5629.ton","5629"
"5630.ton","5630"
"5631.ton","5631"
"5632.ton","5632"
"5633.ton","5633"
"5634.ton","5634"
"5635.ton","5635"
"5636.ton","5636"
"5637.ton","5637"
"5638.ton","5638"
"5639.ton","5639"
"5640.ton","5640"
"5641.ton","5641"
"5642.ton","5642"
"5643.ton","5643"
"5644.ton","5644"
"5645.ton","5645"
"5646.ton","5646"
"5647.ton","5647"
"5648.ton","5648"
"5649.ton","5649"
"5650.ton","5650"
"5651.ton","5651"
"5652.ton","5652"
"5653.ton","5653"
"5654.ton","5654"
"5655.ton","5655"
"5656.ton","5656"
"5657.ton","5657"
"5658.ton","5658"
"5659.ton","5659"
"5660.ton","5660"
"5661.ton","5661"
"5662.ton","5662"
"5663.ton","5663"
"5664.ton","5664"
"5665.ton","5665"
"5666.ton","5666"
"5667.ton","5667"
"5668.ton","5668"
"5669.ton","5669"
"5670.ton","5670"
"5671.ton","5671"
"5672.ton","5672"
"5673.ton","5673"
"5674.ton","5674"
"5675.ton","5675"
"5676.ton","5676"
"5677.ton","5677"
"5678.ton","5678"
"5679.ton","5679"
"5680.ton","5680"
"5681.ton","5681"
"5682.ton","5682"
"5683.ton","5683"
"5684.ton","5684"
"5685.ton","5685"
"5686.ton","5686"
"5687.ton","5687"
"5688.ton","5688"
"5689.ton","5689"
"5690.ton","5690"
"5691.ton","5691"
"5692.ton","5692"
"5693.ton","5693"
"5694.ton","5694"
"5695.ton","5695"
"5696.ton","5696"
"5697.ton","5697"
"5698.ton","5698"
"5699.ton","5699"
"5700.ton","5700"
"5701.ton","5701"
"5702.ton","5702"
"5703.ton","5703"
"5704.ton","5704"
"5705.ton","5705"
"5706.ton","5706"
"5707.ton","5707"
"5708.ton","5708"
"5709.ton","5709"
"5710.ton","5710"
"5711.ton","5711"
"5712.ton","5712"
"5713.ton","5713"
"5714.ton","5714"
"5715.ton","5715"
"5716.ton","5716"
"5717.ton","5717"
"5718.ton","5718"
"5719.ton","5719"
"5720.ton","5720"
"5721.ton","5721"
"5722.ton","5722"
"5723.ton","5723"
"5724.ton","5724"
"5725.ton","5725"
"5726.ton","5726"
"5727.ton","5727"
"5728.ton","5728"
"5729.ton","5729"
"5730.ton","5730"
"5731.ton","5731"
"5732.ton","5732"
"5733.ton","5733"
"5734.ton","5734"
"5735.ton","5735"
"5736.ton","5736"
"5737.ton","5737"
"5738.ton","5738"
"5739.ton","5739"
"5740.ton","5740"
"5741.ton","5741"
"5742.ton","5742"
"5743.ton","5743"
"5744.ton","5744"
"5745.ton","5745"
"5746.ton","5746"
"5747.ton","5747"
"5748.ton","5748"
"5749.ton","5749"
"5750.ton","5750"
"5751.ton","5751"
"5752.ton","5752"
"5753.ton","5753"
"5754.ton","5754"
"5755.ton","5755"
"5756.ton","5756"
"5757.ton","5757"
"5758.ton","5758"
"5759.ton","5759"
"5760.ton","5760"
"5761.ton","5761"
"5762.ton","5762"
"5763.ton","5763"
"5764.ton","5764"
"5765.ton","5765"
"5766.ton","5766"
"5767.ton","5767"
"5768.ton","5768"
"5769.ton","5769"
"5770.ton","5770"
"5771.ton","5771"
"5772.ton","5772"
"5773.ton","5773"
"5774.ton","5774"
"5775.ton","5775"
"5776.ton","5776"
"5777.ton","5777"
"5778.ton","5778"
"5779.ton","5779"
"5780.ton","5780"
"5781.ton","5781"
"5782.ton","5782"
"5783.ton","5783"
"5784.ton","5784"
"5785.ton","5785"
"5786.ton","5786"
"5787.ton","5787"
"5788.ton","5788"
"5789.ton","5789"
"5790.ton","5790"
"5791.ton","5791"
"5792.ton","5792"
"5793.ton","5793"
"5794.ton","5794"
"5795.ton","5795"
"5796.ton","5796"
"5797.ton","5797"
"5798.ton","5798"
"5799.ton","5799"
"5800.ton","5800"
"5801.ton","5801"
"5802.ton","5802"
"5803.ton","5803"
"5804.ton","5804"
"5805.ton","5805"
"5806.ton","5806"
"5807.ton","5807"
"5808.ton","5808"
"5809.ton","5809"
"5810.ton","5810"
"5811.ton","5811"
"5812.ton","5812"
"5813.ton","5813"
"5814.ton","5814"
"5815.ton","5815"
"5816.ton","5816"
"5817.ton","5817"
"5818.ton","5818"
"5819.ton","5819"
"5820.ton","5820"
"5821.ton","5821"
"5822.ton","5822"
"5823.ton","5823"
"5824.ton","5824"
"5825.ton","5825"
"5826.ton","5826"
"5827.ton","5827"
"5828.ton","5828"
"5829.ton","5829"
"5830.ton","5830"
"5831.ton","5831"
"5832.ton","5832"
"5833.ton","5833"
"5834.ton","5834"
"5835.ton","5835"
"5836.ton","5836"
"5837.ton","5837"
"5838.ton","5838"
"5839.ton","5839"
"5840.ton","5840"
"5841.ton","5841"
"5842.ton","5842"
"5843.ton","5843"
"5844.ton","5844"
"5845.ton","5845"
"5846.ton","5846"
"5847.ton","5847"
"5848.ton","5848"
"5849.ton","5849"
"5850.ton","5850"
"5851.ton","5851"
"5852.ton","5852"
"5853.ton","5853"
"5854.ton","5854"
"5855.ton","5855"
"5856.ton","5856"
"5857.ton","5857"
"5858.ton","5858"
"5859.ton","5859"
"5860.ton","5860"
"5861.ton","5861"
"5862.ton","5862"
"5863.ton","5863"
"5864.ton","5864"
"5865.ton","5865"
"5866.ton","5866"
"5867.ton","5867"
"5868.ton","5868"
"5869.ton","5869"
"5870.ton","5870"
"5871.ton","5871"
"5872.ton","5872"
"5873.ton","5873"
"5874.ton","5874"
"5875.ton","5875"
"5876.ton","5876"
"5877.ton","5877"
"5878.ton","5878"
"5879.ton","5879"
"5880.ton","5880"
"5881.ton","5881"
"5882.ton","5882"
"5883.ton","5883"
"5884.ton","5884"
"5885.ton","5885"
"5886.ton","5886"
"5887.ton","5887"
"5888.ton","5888"
"5889.ton","5889"
"5890.ton","5890"
"5891.ton","5891"
"5892.ton","5892"
"5893.ton","5893"
"5894.ton","5894"
"5895.ton","5895"
"5896.ton","5896"
"5897.ton","5897"
"5898.ton","5898"
"5899.ton","5899"
"5900.ton","5900"
"5901.ton","5901"
"5902.ton","5902"
"5903.ton","5903"
"5904.ton","5904"
"5905.ton","5905"
"5906.ton","5906"
"5907.ton","5907"
"5908.ton","5908"
"5909.ton","5909"
"5910.ton","5910"
"5911.ton","5911"
"5912.ton","5912"
"5913.ton","5913"
"5914.ton","5914"
"5915.ton","5915"
"5916.ton","5916"
"5917.ton","5917"
"5918.ton","5918"
"5919.ton","5919"
"5920.ton","5920"
"5921.ton","5921"
"5922.ton","5922"
"5923.ton","5923"
"5924.ton","5924"
"5925.ton","5925"
"5926.ton","5926"
"5927.ton","5927"
"5928.ton","5928"
"5929.ton","5929"
"5930.ton","5930"
"5931.ton","5931"
"5932.ton","5932"
"5933.ton","5933"
"5934.ton","5934"
"5935.ton","5935"
"5936.ton","5936"
"5937.ton","5937"
"5938.ton","5938"
"5939.ton","5939"
"5940.ton","5940"
"5941.ton","5941"
"5942.ton","5942"
"5943.ton","5943"
"5944.ton","5944"
"5945.ton","5945"
"5946.ton","5946"
"5947.ton","5947"
"5948.ton","5948"
"5949.ton","5949"
"5950.ton","5950"
"5951.ton","5951"
"5952.ton","5952"
"5953.ton","5953"
"5954.ton","5954"
"5955.ton","5955"
"5956.ton","5956"
"5957.ton","5957"
"5958.ton","5958"
"5959.ton","5959"
"5960.ton","5960"
"5961.ton","5961"
"5962.ton","5962"
"5963.ton","5963"
"5964.ton","5964"
"5965.ton","5965"
"5966.ton","5966"
"5967.ton","5967"
"5968.ton","5968"
"5969.ton","5969"
"5970.ton","5970"
"5971.ton","5971"
"5972.ton","5972"
"5973.ton","5973"
"5974.ton","5974"
"5975.ton","5975"
"5976.ton","5976"
"5977.ton","5977"
"5978.ton","5978"
"5979.ton","5979"
"5980.ton","5980"
"5981.ton","5981"
"5982.ton","5982"
"5983.ton","5983"
"5984.ton","5984"
"5985.ton","5985"
"5986.ton","5986"
"5987.ton","5987"
"5988.ton","5988"
"5989.ton","5989"
"5990.ton","5990"
"5991.ton","5991"
"5992.ton","5992"
"5993.ton","5993"
"5994.ton","5994"
"5995.ton","5995"
"5996.ton","5996"
"5997.ton","5997"
"5998.ton","5998"
"5999.ton","5999"
"6000.ton","6000"
"6001.ton","6001"
"6002.ton","6002"
"6003.ton","6003"
"6004.ton","6004"
"6005.ton","6005"
"6006.ton","6006"
"6007.ton","6007"
"6008.ton","6008"
"6009.ton","6009"
"6010.ton","6010"
"6011.ton","6011"
"6012.ton","6012"
"6013.ton","6013"
"6014.ton","6014"
"6015.ton","6015"
"6016.ton","6016"
"6017.ton","6017"
"6018.ton","6018"
"6019.ton","6019"
"6020.ton","6020"
"6021.ton","6021"
"6022.ton","6022"
"6023.ton","6023"
"6024.ton","6024"
"6025.ton","6025"
"6026.ton","6026"
"6027.ton","6027"
"6028.ton","6028"
"6029.ton","6029"
"6030.ton","6030"
"6031.ton","6031"
"6032.ton","6032"
"6033.ton","6033"
"6034.ton","6034"
"6035.ton","6035"
"6036.ton","6036"
"6037.ton","6037"
"6038.ton","6038"
"6039.ton","6039"
"6040.ton","6040"
"6041.ton","6041"
"6042.ton","6042"
"6043.ton","6043"
"6044.ton","6044"
"6045.ton","6045"
"6046.ton","6046"
"6047.ton","6047"
"6048.ton","6048"
"6049.ton","6049"
"6050.ton","6050"
"6051.ton","6051"
"6052.ton","6052"
"6053.ton","6053"
"6054.ton","6054"
"6055.ton","6055"
"6056.ton","6056"
"6057.ton","6057"
"6058.ton","6058"
"6059.ton","6059"
"6060.ton","6060"
"6061.ton","6061"
"6062.ton","6062"
"6063.ton","6063"
"6064.ton","6064"
"6065.ton","6065"
"6066.ton","6066"
"6067.ton","6067"
"6068.ton","6068"
"6069.ton","6069"
"6070.ton","6070"
"6071.ton","6071"
"6072.ton","6072"
"6073.ton","6073"
"6074.ton","6074"
"6075.ton","6075"
"6076.ton","6076"
"6077.ton","6077"
"6078.ton","6078"
"6079.ton","6079"
"6080.ton","6080"
"6081.ton","6081"
"6082.ton","6082"
"6083.ton","6083"
"6084.ton","6084"
"6085.ton","6085"
"6086.ton","6086"
"6087.ton","6087"
"6088.ton","6088"
"6089.ton","6089"
"6090.ton","6090"
"6091.ton","6091"
"6092.ton","6092"
"6093.ton","6093"
"6094.ton","6094"
"6095.ton","6095"
"6096.ton","6096"
"6097.ton","6097"
"6098.ton","6098"
"6099.ton","6099"
"6100.ton","6100"
"6101.ton","6101"
"6102.ton","6102"
"6103.ton","6103"
"6104.ton","6104"
"6105.ton","6105"
"6106.ton","6106"
"6107.ton","6107"
"6108.ton","6108"
"6109.ton","6109"
"6110.ton","6110"
"6111.ton","6111"
"6112.ton","6112"
"6113.ton","6113"
"6114.ton","6114"
"6115.ton","6115"
"6116.ton","6116"
"6117.ton","6117"
"6118.ton","6118"
"6119.ton","6119"
"6120.ton","6120"
"6121.ton","6121"
"6122.ton","6122"
"6123.ton","6123"
"6124.ton","6124"
"6125.ton","6125"
"6126.ton","6126"
"6127.ton","6127"
"6128.ton","6128"
"6129.ton","6129"
"6130.ton","6130"
"6131.ton","6131"
"6132.ton","6132"
"6133.ton","6133"
"6134.ton","6134"
"6135.ton","6135"
"6136.ton","6136"
"6137.ton","6137"
"6138.ton","6138"
"6139.ton","6139"
"6140.ton","6140"
"6141.ton","6141"
"6142.ton","6142"
"6143.ton","6143"
"6144.ton","6144"
"6145.ton","6145"
"6146.ton","6146"
"6147.ton","6147"
"6148.ton","6148"
"6149.ton","6149"
"6150.ton","6150"
"6151.ton","6151"
"6152.ton","6152"
"6153.ton","6153"
"6154.ton","6154"
"6155.ton","6155"
"6156.ton","6156"
"6157.ton","6157"
"6158.ton","6158"
"6159.ton","6159"
"6160.ton","6160"
"6161.ton","6161"
"6162.ton","6162"
"6163.ton","6163"
"6164.ton","6164"
"6165.ton","6165"
"6166.ton","6166"
"6167.ton","6167"
"6168.ton","6168"
"6169.ton","6169"
"6170.ton","6170"
"6171.ton","6171"
"6172.ton","6172"
"6173.ton","6173"
"6174.ton","6174"
"6175.ton","6175"
"6176.ton","6176"
"6177.ton","6177"
"6178.ton","6178"
"6179.ton","6179"
"6180.ton","6180"
"6181.ton","6181"
"6182.ton","6182"
"6183.ton","6183"
"6184.ton","6184"
"6185.ton","6185"
"6186.ton","6186"
"6187.ton","6187"
"6188.ton","6188"
"6189.ton","6189"
"6190.ton","6190"
"6191.ton","6191"
"6192.ton","6192"
"6193.ton","6193"
"6194.ton","6194"
"6195.ton","6195"
"6196.ton","6196"
"6197.ton","6197"
"6198.ton","6198"
"6199.ton","6199"
"6200.ton","6200"
"6201.ton","6201"
"6202.ton","6202"
"6203.ton","6203"
"6204.ton","6204"
"6205.ton","6205"
"6206.ton","6206"
"6207.ton","6207"
"6208.ton","6208"
"6209.ton","6209"
"6210.ton","6210"
"6211.ton","6211"
"6212.ton","6212"
"6213.ton","6213"
"6214.ton","6214"
"6215.ton","6215"
"6216.ton","6216"
"6217.ton","6217"
"6218.ton","6218"
"6219.ton","6219"
"6220.ton","6220"
"6221.ton","6221"
"6222.ton","6222"
"6223.ton","6223"
"6224.ton","6224"
"6225.ton","6225"
"6226.ton","6226"
"6227.ton","6227"
"6228.ton","6228"
"6229.ton","6229"
"6230.ton","6230"
"6231.ton","6231"
"6232.ton","6232"
"6233.ton","6233"
"6234.ton","6234"
"6235.ton","6235"
"6236.ton","6236"
"6237.ton","6237"
"6238.ton","6238"
"6239.ton","6239"
"6240.ton","6240"
"6241.ton","6241"
"6242.ton","6242"
"6243.ton","6243"
"6244.ton","6244"
"6245.ton","6245"
"6246.ton","6246"
"6247.ton","6247"
"6248.ton","6248"
"6249.ton","6249"
"6250.ton","6250"
"6251.ton","6251"
"6252.ton","6252"
"6253.ton","6253"
"6254.ton","6254"
"6255.ton","6255"
"6256.ton","6256"
"6257.ton","6257"
"6258.ton","6258"
"6259.ton","6259"
"6260.ton","6260"
"6261.ton","6261"
"6262.ton","6262"
"6263.ton","6263"
"6264.ton","6264"
"6265.ton","6265"
"6266.ton","6266"
"6267.ton","6267"
"6268.ton","6268"
"6269.ton","6269"
"6270.ton","6270"
"6271.ton","6271"
"6272.ton","6272"
"6273.ton","6273"
"6274.ton","6274"
"6275.ton","6275"
"6276.ton","6276"
"6277.ton","6277"
"6278.ton","6278"
"6279.ton","6279"
"6280.ton","6280"
"6281.ton","6281"
"6282.ton","6282"
"6283.ton","6283"
"6284.ton","6284"
"6285.ton","6285"
"6286.ton","6286"
"6287.ton","6287"
"6288.ton","6288"
"6289.ton","6289"
"6290.ton","6290"
"6291.ton","6291"
"6292.ton","6292"
"6293.ton","6293"
"6294.ton","6294"
"6295.ton","6295"
"6296.ton","6296"
"6297.ton","6297"
"6298.ton","6298"
"6299.ton","6299"
"6300.ton","6300"
"6301.ton","6301"
"6302.ton","6302"
"6303.ton","6303"
"6304.ton","6304"
"6305.ton","6305"
"6306.ton","6306"
"6307.ton","6307"
"6308.ton","6308"
"6309.ton","6309"
"6310.ton","6310"
"6311.ton","6311"
"6312.ton","6312"
"6313.ton","6313"
"6314.ton","6314"
"6315.ton","6315"
"6316.ton","6316"
"6317.ton","6317"
"6318.ton","6318"
"6319.ton","6319"
"6320.ton","6320"
"6321.ton","6321"
"6322.ton","6322"
"6323.ton","6323"
"6324.ton","6324"
"6325.ton","6325"
"6326.ton","6326"
"6327.ton","6327"
"6328.ton","6328"
"6329.ton","6329"
"6330.ton","6330"
"6331.ton","6331"
"6332.ton","6332"
"6333.ton","6333"
"6334.ton","6334"
"6335.ton","6335"
"6336.ton","6336"
"6337.ton","6337"
"6338.ton","6338"
"6339.ton","6339"
"6340.ton","6340"
"6341.ton","6341"
"6342.ton","6342"
"6343.ton","6343"
"6344.ton","6344"
"6345.ton","6345"
"6346.ton","6346"
"6347.ton","6347"
"6348.ton","6348"
"6349.ton","6349"
"6350.ton","6350"
"6351.ton","6351"
"6352.ton","6352"
"6353.ton","6353"
"6354.ton","6354"
"6355.ton","6355"
"6356.ton","6356"
"6357.ton","6357"
"6358.ton","6358"
"6359.ton","6359"
"6360.ton","6360"
"6361.ton","6361"
"6362.ton","6362"
"6363.ton","6363"
"6364.ton","6364"
"6365.ton","6365"
"6366.ton","6366"
"6367.ton","6367"
"6368.ton","6368"
"6369.ton","6369"
"6370.ton","6370"
"6371.ton","6371"
"6372.ton","6372"
"6373.ton","6373"
"6374.ton","6374"
"6375.ton","6375"
"6376.ton","6376"
"6377.ton","6377"
"6378.ton","6378"
"6379.ton","6379"
"6380.ton","6380"
"6381.ton","6381"
"6382.ton","6382"
"6383.ton","6383"
"6384.ton","6384"
"6385.ton","6385"
"6386.ton","6386"
"6387.ton","6387"
"6388.ton","6388"
"6389.ton","6389"
"6390.ton","6390"
"6391.ton","6391"
"6392.ton","6392"
"6393.ton","6393"
"6394.ton","6394"
"6395.ton","6395"
"6396.ton","6396"
"6397.ton","6397"
"6398.ton","6398"
"6399.ton","6399"
"6400.ton","6400"
"6401.ton","6401"
"6402.ton","6402"
"6403.ton","6403"
"6404.ton","6404"
"6405.ton","6405"
"6406.ton","6406"
"6407.ton","6407"
"6408.ton","6408"
"6409.ton","6409"
"6410.ton","6410"
"6411.ton","6411"
"6412.ton","6412"
"6413.ton","6413"
"6414.ton","6414"
"6415.ton","6415"
"6416.ton","6416"
"6417.ton","6417"
"6418.ton","6418"
"6419.ton","6419"
"6420.ton","6420"
"6421.ton","6421"
"6422.ton","6422"
"6423.ton","6423"
"6424.ton","6424"
"6425.ton","6425"
"6426.ton","6426"
"6427.ton","6427"
"6428.ton","6428"
"6429.ton","6429"
"6430.ton","6430"
"6431.ton","6431"
"6432.ton","6432"
"6433.ton","6433"
"6434.ton","6434"
"6435.ton","6435"
"6436.ton","6436"
"6437.ton","6437"
"6438.ton","6438"
"6439.ton","6439"
"6440.ton","6440"
"6441.ton","6441"
"6442.ton","6442"
"6443.ton","6443"
"6444.ton","6444"
"6445.ton","6445"
"6446.ton","6446"
"6447.ton","6447"
"6448.ton","6448"
"6449.ton","6449"
"6450.ton","6450"
"6451.ton","6451"
"6452.ton","6452"
"6453.ton","6453"
"6454.ton","6454"
"6455.ton","6455"
"6456.ton","6456"
"6457.ton","6457"
"6458.ton","6458"
"6459.ton","6459"
"6460.ton","6460"
"6461.ton","6461"
"6462.ton","6462"
"6463.ton","6463"
"6464.ton","6464"
"6465.ton","6465"
"6466.ton","6466"
"6467.ton","6467"
"6468.ton","6468"
"6469.ton","6469"
"6470.ton","6470"
"6471.ton","6471"
"6472.ton","6472"
"6473.ton","6473"
"6474.ton","6474"
"6475.ton","6475"
"6476.ton","6476"
"6477.ton","6477"
"6478.ton","6478"
"6479.ton","6479"
"6480.ton","6480"
"6481.ton","6481"
"6482.ton","6482"
"6483.ton","6483"
"6484.ton","6484"
"6485.ton","6485"
"6486.ton","6486"
"6487.ton","6487"
"6488.ton","6488"
"6489.ton","6489"
"6490.ton","6490"
"6491.ton","6491"
"6492.ton","6492"
"6493.ton","6493"
"6494.ton","6494"
"6495.ton","6495"
"6496.ton","6496"
"6497.ton","6497"
"6498.ton","6498"
"6499.ton","6499"
"6500.ton","6500"
"6501.ton","6501"
"6502.ton","6502"
"6503.ton","6503"
"6504.ton","6504"
"6505.ton","6505"
"6506.ton","6506"
"6507.ton","6507"
"6508.ton","6508"
"6509.ton","6509"
"6510.ton","6510"
"6511.ton","6511"
"6512.ton","6512"
"6513.ton","6513"
"6514.ton","6514"
"6515.ton","6515"
"6516.ton","6516"
"6517.ton","6517"
"6518.ton","6518"
"6519.ton","6519"
"6520.ton","6520"
"6521.ton","6521"
"6522.ton","6522"
"6523.ton","6523"
"6524.ton","6524"
"6525.ton","6525"
"6526.ton","6526"
"6527.ton","6527"
"6528.ton","6528"
"6529.ton","6529"
"6530.ton","6530"
"6531.ton","6531"
"6532.ton","6532"
"6533.ton","6533"
"6534.ton","6534"
"6535.ton","6535"
"6536.ton","6536"
"6537.ton","6537"
"6538.ton","6538"
"6539.ton","6539"
"6540.ton","6540"
"6541.ton","6541"
"6542.ton","6542"
"6543.ton","6543"
"6544.ton","6544"
"6545.ton","6545"
"6546.ton","6546"
"6547.ton","6547"
"6548.ton","6548"
"6549.ton","6549"
"6550.ton","6550"
"6551.ton","6551"
"6552.ton","6552"
"6553.ton","6553"
"6554.ton","6554"
"6555.ton","6555"
"6556.ton","6556"
"6557.ton","6557"
"6558.ton","6558"
"6559.ton","6559"
"6560.ton","6560"
"6561.ton","6561"
"6562.ton","6562"
"6563.ton","6563"
"6564.ton","6564"
"6565.ton","6565"
"6566.ton","6566"
"6567.ton","6567"
"6568.ton","6568"
"6569.ton","6569"
"6570.ton","6570"
"6571.ton","6571"
"6572.ton","6572"
"6573.ton","6573"
"6574.ton","6574"
"6575.ton","6575"
"6576.ton","6576"
"6577.ton","6577"
"6578.ton","6578"
"6579.ton","6579"
"6580.ton","6580"
"6581.ton","6581"
"6582.ton","6582"
"6583.ton","6583"
"6584.ton","6584"
"6585.ton","6585"
"6586.ton","6586"
"6587.ton","6587"
"6588.ton","6588"
"6589.ton","6589"
"6590.ton","6590"
"6591.ton","6591"
"6592.ton","6592"
"6593.ton","6593"
"6594.ton","6594"
"6595.ton","6595"
"6596.ton","6596"
"6597.ton","6597"
"6598.ton","6598"
"6599.ton","6599"
"6600.ton","6600"
"6601.ton","6601"
"6602.ton","6602"
"6603.ton","6603"
"6604.ton","6604"
"6605.ton","6605"
"6606.ton","6606"
"6607.ton","6607"
"6608.ton","6608"
"6609.ton","6609"
"6610.ton","6610"
"6611.ton","6611"
"6612.ton","6612"
"6613.ton","6613"
"6614.ton","6614"
"6615.ton","6615"
"6616.ton","6616"
"6617.ton","6617"
"6618.ton","6618"
"6619.ton","6619"
"6620.ton","6620"
"6621.ton","6621"
"6622.ton","6622"
"6623.ton","6623"
"6624.ton","6624"
"6625.ton","6625"
"6626.ton","6626"
"6627.ton","6627"
"6628.ton","6628"
"6629.ton","6629"
"6630.ton","6630"
"6631.ton","6631"
"6632.ton","6632"
"6633.ton","6633"
"6634.ton","6634"
"6635.ton","6635"
"6636.ton","6636"
"6637.ton","6637"
"6638.ton","6638"
"6639.ton","6639"
"6640.ton","6640"
"6641.ton","6641"
"6642.ton","6642"
"6643.ton","6643"
"6644.ton","6644"
"6645.ton","6645"
"6646.ton","6646"
"6647.ton","6647"
"6648.ton","6648"
"6649.ton","6649"
"6650.ton","6650"
"6651.ton","6651"
"6652.ton","6652"
"6653.ton","6653"
"6654.ton","6654"
"6655.ton","6655"
"6656.ton","6656"
"6657.ton","6657"
"6658.ton","6658"
"6659.ton","6659"
"6660.ton","6660"
"6661.ton","6661"
"6662.ton","6662"
"6663.ton","6663"
"6664.ton","6664"
"6665.ton","6665"
"6666.ton","6666"
"6667.ton","6667"
"6668.ton","6668"
"6669.ton","6669"
"6670.ton","6670"
"6671.ton","6671"
"6672.ton","6672"
"6673.ton","6673"
"6674.ton","6674"
"6675.ton","6675"
"6676.ton","6676"
"6677.ton","6677"
"6678.ton","6678"
"6679.ton","6679"
"6680.ton","6680"
"6681.ton","6681"
"6682.ton","6682"
"6683.ton","6683"
"6684.ton","6684"
"6685.ton","6685"
"6686.ton","6686"
"6687.ton","6687"
"6688.ton","6688"
"6689.ton","6689"
"6690.ton","6690"
"6691.ton","6691"
"6692.ton","6692"
"6693.ton","6693"
"6694.ton","6694"
"6695.ton","6695"
"6696.ton","6696"
"6697.ton","6697"
"6698.ton","6698"
"6699.ton","6699"
"6700.ton","6700"
"6701.ton","6701"
"6702.ton","6702"
"6703.ton","6703"
"6704.ton","6704"
"6705.ton","6705"
"6706.ton","6706"
"6707.ton","6707"
"6708.ton","6708"
"6709.ton","6709"
"6710.ton","6710"
"6711.ton","6711"
"6712.ton","6712"
"6713.ton","6713"
"6714.ton","6714"
"6715.ton","6715"
"6716.ton","6716"
"6717.ton","6717"
"6718.ton","6718"
"6719.ton","6719"
"6720.ton","6720"
"6721.ton","6721"
"6722.ton","6722"
"6723.ton","6723"
"6724.ton","6724"
"6725.ton","6725"
"6726.ton","6726"
"6727.ton","6727"
"6728.ton","6728"
"6729.ton","6729"
"6730.ton","6730"
"6731.ton","6731"
"6732.ton","6732"
"6733.ton","6733"
"6734.ton","6734"
"6735.ton","6735"
"6736.ton","6736"
"6737.ton","6737"
"6738.ton","6738"
"6739.ton","6739"
"6740.ton","6740"
"6741.ton","6741"
"6742.ton","6742"
"6743.ton","6743"
"6744.ton","6744"
"6745.ton","6745"
"6746.ton","6746"
"6747.ton","6747"
"6748.ton","6748"
"6749.ton","6749"
"6750.ton","6750"
"6751.ton","6751"
"6752.ton","6752"
"6753.ton","6753"
"6754.ton","6754"
"6755.ton","6755"
"6756.ton","6756"
"6757.ton","6757"
"6758.ton","6758"
"6759.ton","6759"
"6760.ton","6760"
"6761.ton","6761"
"6762.ton","6762"
"6763.ton","6763"
"6764.ton","6764"
"6765.ton","6765"
"6766.ton","6766"
"6767.ton","6767"
"6768.ton","6768"
"6769.ton","6769"
"6770.ton","6770"
"6771.ton","6771"
"6772.ton","6772"
"6773.ton","6773"
"6774.ton","6774"
"6775.ton","6775"
"6776.ton","6776"
"6777.ton","6777"
"6778.ton","6778"
"6779.ton","6779"
"6780.ton","6780"
"6781.ton","6781"
"6782.ton","6782"
"6783.ton","6783"
"6784.ton","6784"
"6785.ton","6785"
"6786.ton","6786"
"6787.ton","6787"
"6788.ton","6788"
"6789.ton","6789"
"6790.ton","6790"
"6791.ton","6791"
"6792.ton","6792"
"6793.ton","6793"
"6794.ton","6794"
"6795.ton","6795"
"6796.ton","6796"
"6797.ton","6797"
"6798.ton","6798"
"6799.ton","6799"
"6800.ton","6800"
"6801.ton","6801"
"6802.ton","6802"
"6803.ton","6803"
"6804.ton","6804"
"6805.ton","6805"
"6806.ton","6806"
"6807.ton","6807"
"6808.ton","6808"
"6809.ton","6809"
"6810.ton","6810"
"6811.ton","6811"
"6812.ton","6812"
"6813.ton","6813"
"6814.ton","6814"
"6815.ton","6815"
"6816.ton","6816"
"6817.ton","6817"
"6818.ton","6818"
"6819.ton","6819"
"6820.ton","6820"
"6821.ton","6821"
"6822.ton","6822"
"6823.ton","6823"
"6824.ton","6824"
"6825.ton","6825"
"6826.ton","6826"
"6827.ton","6827"
"6828.ton","6828"
"6829.ton","6829"
"6830.ton","6830"
"6831.ton","6831"
"6832.ton","6832"
"6833.ton","6833"
"6834.ton","6834"
"6835.ton","6835"
"6836.ton","6836"
"6837.ton","6837"
"6838.ton","6838"
"6839.ton","6839"
"6840.ton","6840"
"6841.ton","6841"
"6842.ton","6842"
"6843.ton","6843"
"6844.ton","6844"
"6845.ton","6845"
"6846.ton","6846"
"6847.ton","6847"
"6848.ton","6848"
"6849.ton","6849"
"6850.ton","6850"
"6851.ton","6851"
"6852.ton","6852"
"6853.ton","6853"
"6854.ton","6854"
"6855.ton","6855"
"6856.ton","6856"
"6857.ton","6857"
"6858.ton","6858"
"6859.ton","6859"
"6860.ton","6860"
"6861.ton","6861"
"6862.ton","6862"
"6863.ton","6863"
"6864.ton","6864"
"6865.ton","6865"
"6866.ton","6866"
"6867.ton","6867"
"6868.ton","6868"
"6869.ton","6869"
"6870.ton","6870"
"6871.ton","6871"
"6872.ton","6872"
"6873.ton","6873"
"6874.ton","6874"
"6875.ton","6875"
"6876.ton","6876"
"6877.ton","6877"
"6878.ton","6878"
"6879.ton","6879"
"6880.ton","6880"
"6881.ton","6881"
"6882.ton","6882"
"6883.ton","6883"
"6884.ton","6884"
"6885.ton","6885"
"6886.ton","6886"
"6887.ton","6887"
"6888.ton","6888"
"6889.ton","6889"
"6890.ton","6890"
"6891.ton","6891"
"6892.ton","6892"
"6893.ton","6893"
"6894.ton","6894"
"6895.ton","6895"
"6896.ton","6896"
"6897.ton","6897"
"6898.ton","6898"
"6899.ton","6899"
"6900.ton","6900"
"6901.ton","6901"
"6902.ton","6902"
"6903.ton","6903"
"6904.ton","6904"
"6905.ton","6905"
"6906.ton","6906"
"6907.ton","6907"
"6908.ton","6908"
"6909.ton","6909"
"6910.ton","6910"
"6911.ton","6911"
"6912.ton","6912"
"6913.ton","6913"
"6914.ton","6914"
"6915.ton","6915"
"6916.ton","6916"
"6917.ton","6917"
"6918.ton","6918"
"6919.ton","6919"
"6920.ton","6920"
"6921.ton","6921"
"6922.ton","6922"
"6923.ton","6923"
"6924.ton","6924"
"6925.ton","6925"
"6926.ton","6926"
"6927.ton","6927"
"6928.ton","6928"
"6929.ton","6929"
"6930.ton","6930"
"6931.ton","6931"
"6932.ton","6932"
"6933.ton","6933"
"6934.ton","6934"
"6935.ton","6935"
"6936.ton","6936"
"6937.ton","6937"
"6938.ton","6938"
"6939.ton","6939"
"6940.ton","6940"
"6941.ton","6941"
"6942.ton","6942"
"6943.ton","6943"
"6944.ton","6944"
"6945.ton","6945"
"6946.ton","6946"
"6947.ton","6947"
"6948.ton","6948"
"6949.ton","6949"
"6950.ton","6950"
"6951.ton","6951"
"6952.ton","6952"
"6953.ton","6953"
"6954.ton","6954"
"6955.ton","6955"
"6956.ton","6956"
"6957.ton","6957"
"6958.ton","6958"
"6959.ton","6959"
"6960.ton","6960"
"6961.ton","6961"
"6962.ton","6962"
"6963.ton","6963"
"6964.ton","6964"
"6965.ton","6965"
"6966.ton","6966"
"6967.ton","6967"
"6968.ton","6968"
"6969.ton","6969"
"6970.ton","6970"
"6971.ton","6971"
"6972.ton","6972"
"6973.ton","6973"
"6974.ton","6974"
"6975.ton","6975"
"6976.ton","6976"
"6977.ton","6977"
"6978.ton","6978"
"6979.ton","6979"
"6980.ton","6980"
"6981.ton","6981"
"6982.ton","6982"
"6983.ton","6983"
"6984.ton","6984"
"6985.ton","6985"
"6986.ton","6986"
"6987.ton","6987"
"6988.ton","6988"
"6989.ton","6989"
"6990.ton","6990"
"6991.ton","6991"
"6992.ton","6992"
"6993.ton","6993"
"6994.ton","6994"
"6995.ton","6995"
"6996.ton","6996"
"6997.ton","6997"
"6998.ton","6998"
"6999.ton","6999"
"7000.ton","7000"
"7001.ton","7001"
"7002.ton","7002"
"7003.ton","7003"
"7004.ton","7004"
"7005.ton","7005"
"7006.ton","7006"
"7007.ton","7007"
"7008.ton","7008"
"7009.ton","7009"
"7010.ton","7010"
"7011.ton","7011"
"7012.ton","7012"
"7013.ton","7013"
"7014.ton","7014"
"7015.ton","7015"
"7016.ton","7016"
"7017.ton","7017"
"7018.ton","7018"
"7019.ton","7019"
"7020.ton","7020"
"7021.ton","7021"
"7022.ton","7022"
"7023.ton","7023"
"7024.ton","7024"
"7025.ton","7025"
"7026.ton","7026"
"7027.ton","7027"
"7028.ton","7028"
"7029.ton","7029"
"7030.ton","7030"
"7031.ton","7031"
"7032.ton","7032"
"7033.ton","7033"
"7034.ton","7034"
"7035.ton","7035"
"7036.ton","7036"
"7037.ton","7037"
"7038.ton","7038"
"7039.ton","7039"
"7040.ton","7040"
"7041.ton","7041"
"7042.ton","7042"
"7043.ton","7043"
"7044.ton","7044"
"7045.ton","7045"
"7046.ton","7046"
"7047.ton","7047"
"7048.ton","7048"
"7049.ton","7049"
"7050.ton","7050"
"7051.ton","7051"
"7052.ton","7052"
"7053.ton","7053"
"7054.ton","7054"
"7055.ton","7055"
"7056.ton","7056"
"7057.ton","7057"
"7058.ton","7058"
"7059.ton","7059"
"7060.ton","7060"
"7061.ton","7061"
"7062.ton","7062"
"7063.ton","7063"
"7064.ton","7064"
"7065.ton","7065"
"7066.ton","7066"
"7067.ton","7067"
"7068.ton","7068"
"7069.ton","7069"
"7070.ton","7070"
"7071.ton","7071"
"7072.ton","7072"
"7073.ton","7073"
"7074.ton","7074"
"7075.ton","7075"
"7076.ton","7076"
"7077.ton","7077"
"7078.ton","7078"
"7079.ton","7079"
"7080.ton","7080"
"7081.ton","7081"
"7082.ton","7082"
"7083.ton","7083"
"7084.ton","7084"
"7085.ton","7085"
"7086.ton","7086"
"7087.ton","7087"
"7088.ton","7088"
"7089.ton","7089"
"7090.ton","7090"
"7091.ton","7091"
"7092.ton","7092"
"7093.ton","7093"
"7094.ton","7094"
"7095.ton","7095"
"7096.ton","7096"
"7097.ton","7097"
"7098.ton","7098"
"7099.ton","7099"
"7100.ton","7100"
"7101.ton","7101"
"7102.ton","7102"
"7103.ton","7103"
"7104.ton","7104"
"7105.ton","7105"
"7106.ton","7106"
"7107.ton","7107"
"7108.ton","7108"
"7109.ton","7109"
"7110.ton","7110"
"7111.ton","7111"
"7112.ton","7112"
"7113.ton","7113"
"7114.ton","7114"
"7115.ton","7115"
"7116.ton","7116"
"7117.ton","7117"
"7118.ton","7118"
"7119.ton","7119"
"7120.ton","7120"
"7121.ton","7121"
"7122.ton","7122"
"7123.ton","7123"
"7124.ton","7124"
"7125.ton","7125"
"7126.ton","7126"
"7127.ton","7127"
"7128.ton","7128"
"7129.ton","7129"
"7130.ton","7130"
"7131.ton","7131"
"7132.ton","7132"
"7133.ton","7133"
"7134.ton","7134"
"7135.ton","7135"
"7136.ton","7136"
"7137.ton","7137"
"7138.ton","7138"
"7139.ton","7139"
"7140.ton","7140"
"7141.ton","7141"
"7142.ton","7142"
"7143.ton","7143"
"7144.ton","7144"
"7145.ton","7145"
"7146.ton","7146"
"7147.ton","7147"
"7148.ton","7148"
"7149.ton","7149"
"7150.ton","7150"
"7151.ton","7151"
"7152.ton","7152"
"7153.ton","7153"
"7154.ton","7154"
"7155.ton","7155"
"7156.ton","7156"
"7157.ton","7157"
"7158.ton","7158"
"7159.ton","7159"
"7160.ton","7160"
"7161.ton","7161"
"7162.ton","7162"
"7163.ton","7163"
"7164.ton","7164"
"7165.ton","7165"
"7166.ton","7166"
"7167.ton","7167"
"7168.ton","7168"
"7169.ton","7169"
"7170.ton","7170"
"7171.ton","7171"
"7172.ton","7172"
"7173.ton","7173"
"7174.ton","7174"
"7175.ton","7175"
"7176.ton","7176"
"7177.ton","7177"
"7178.ton","7178"
"7179.ton","7179"
"7180.ton","7180"
"7181.ton","7181"
"7182.ton","7182"
"7183.ton","7183"
"7184.ton","7184"
"7185.ton","7185"
"7186.ton","7186"
"7187.ton","7187"
"7188.ton","7188"
"7189.ton","7189"
"7190.ton","7190"
"7191.ton","7191"
"7192.ton","7192"
"7193.ton","7193"
"7194.ton","7194"
"7195.ton","7195"
"7196.ton","7196"
"7197.ton","7197"
"7198.ton","7198"
"7199.ton","7199"
"7200.ton","7200"
"7201.ton","7201"
"7202.ton","7202"
"7203.ton","7203"
"7204.ton","7204"
"7205.ton","7205"
"7206.ton","7206"
"7207.ton","7207"
"7208.ton","7208"
"7209.ton","7209"
"7210.ton","7210"
"7211.ton","7211"
"7212.ton","7212"
"7213.ton","7213"
"7214.ton","7214"
"7215.ton","7215"
"7216.ton","7216"
"7217.ton","7217"
"7218.ton","7218"
"7219.ton","7219"
"7220.ton","7220"
"7221.ton","7221"
"7222.ton","7222"
"7223.ton","7223"
"7224.ton","7224"
"7225.ton","7225"
"7226.ton","7226"
"7227.ton","7227"
"7228.ton","7228"
"7229.ton","7229"
"7230.ton","7230"
"7231.ton","7231"
"7232.ton","7232"
"7233.ton","7233"
"7234.ton","7234"
"7235.ton","7235"
"7236.ton","7236"
"7237.ton","7237"
"7238.ton","7238"
"7239.ton","7239"
"7240.ton","7240"
"7241.ton","7241"
"7242.ton","7242"
"7243.ton","7243"
"7244.ton","7244"
"7245.ton","7245"
"7246.ton","7246"
"7247.ton","7247"
"7248.ton","7248"
"7249.ton","7249"
"7250.ton","7250"
"7251.ton","7251"
"7252.ton","7252"
"7253.ton","7253"
"7254.ton","7254"
"7255.ton","7255"
"7256.ton","7256"
"7257.ton","7257"
"7258.ton","7258"
"7259.ton","7259"
"7260.ton","7260"
"7261.ton","7261"
"7262.ton","7262"
"7263.ton","7263"
"7264.ton","7264"
"7265.ton","7265"
"7266.ton","7266"
"7267.ton","7267"
"7268.ton","7268"
"7269.ton","7269"
"7270.ton","7270"
"7271.ton","7271"
"7272.ton","7272"
"7273.ton","7273"
"7274.ton","7274"
"7275.ton","7275"
"7276.ton","7276"
"7277.ton","7277"
"7278.ton","7278"
"7279.ton","7279"
"7280.ton","7280"
"7281.ton","7281"
"7282.ton","7282"
"7283.ton","7283"
"7284.ton","7284"
"7285.ton","7285"
"7286.ton","7286"
"7287.ton","7287"
"7288.ton","7288"
"7289.ton","7289"
"7290.ton","7290"
"7291.ton","7291"
"7292.ton","7292"
"7293.ton","7293"
"7294.ton","7294"
"7295.ton","7295"
"7296.ton","7296"
"7297.ton","7297"
"7298.ton","7298"
"7299.ton","7299"
"7300.ton","7300"
"7301.ton","7301"
"7302.ton","7302"
"7303.ton","7303"
"7304.ton","7304"
"7305.ton","7305"
"7306.ton","7306"
"7307.ton","7307"
"7308.ton","7308"
"7309.ton","7309"
"7310.ton","7310"
"7311.ton","7311"
"7312.ton","7312"
"7313.ton","7313"
"7314.ton","7314"
"7315.ton","7315"
"7316.ton","7316"
"7317.ton","7317"
"7318.ton","7318"
"7319.ton","7319"
"7320.ton","7320"
"7321.ton","7321"
"7322.ton","7322"
"7323.ton","7323"
"7324.ton","7324"
"7325.ton","7325"
"7326.ton","7326"
"7327.ton","7327"
"7328.ton","7328"
"7329.ton","7329"
"7330.ton","7330"
"7331.ton","7331"
"7332.ton","7332"
"7333.ton","7333"
"7334.ton","7334"
"7335.ton","7335"
"7336.ton","7336"
"7337.ton","7337"
"7338.ton","7338"
"7339.ton","7339"
"7340.ton","7340"
"7341.ton","7341"
"7342.ton","7342"
"7343.ton","7343"
"7344.ton","7344"
"7345.ton","7345"
"7346.ton","7346"
"7347.ton","7347"
"7348.ton","7348"
"7349.ton","7349"
"7350.ton","7350"
"7351.ton","7351"
"7352.ton","7352"
"7353.ton","7353"
"7354.ton","7354"
"7355.ton","7355"
"7356.ton","7356"
"7357.ton","7357"
"7358.ton","7358"
"7359.ton","7359"
"7360.ton","7360"
"7361.ton","7361"
"7362.ton","7362"
"7363.ton","7363"
"7364.ton","7364"
"7365.ton","7365"
"7366.ton","7366"
"7367.ton","7367"
"7368.ton","7368"
"7369.ton","7369"
"7370.ton","7370"
"7371.ton","7371"
"7372.ton","7372"
"7373.ton","7373"
"7374.ton","7374"
"7375.ton","7375"
"7376.ton","7376"
"7377.ton","7377"
"7378.ton","7378"
"7379.ton","7379"
"7380.ton","7380"
"7381.ton","7381"
"7382.ton","7382"
"7383.ton","7383"
"7384.ton","7384"
"7385.ton","7385"
"7386.ton","7386"
"7387.ton","7387"
"7388.ton","7388"
"7389.ton","7389"
"7390.ton","7390"
"7391.ton","7391"
"7392.ton","7392"
"7393.ton","7393"
"7394.ton","7394"
"7395.ton","7395"
"7396.ton","7396"
"7397.ton","7397"
"7398.ton","7398"
"7399.ton","7399"
"7400.ton","7400"
"7401.ton","7401"
"7402.ton","7402"
"7403.ton","7403"
"7404.ton","7404"
"7405.ton","7405"
"7406.ton","7406"
"7407.ton","7407"
"7408.ton","7408"
"7409.ton","7409"
"7410.ton","7410"
"7411.ton","7411"
"7412.ton","7412"
"7413.ton","7413"
"7414.ton","7414"
"7415.ton","7415"
"7416.ton","7416"
"7417.ton","7417"
"7418.ton","7418"
"7419.ton","7419"
"7420.ton","7420"
"7421.ton","7421"
"7422.ton","7422"
"7423.ton","7423"
"7424.ton","7424"
"7425.ton","7425"
"7426.ton","7426"
"7427.ton","7427"
"7428.ton","7428"
"7429.ton","7429"
"7430.ton","7430"
"7431.ton","7431"
"7432.ton","7432"
"7433.ton","7433"
"7434.ton","7434"
"7435.ton","7435"
"7436.ton","7436"
"7437.ton","7437"
"7438.ton","7438"
"7439.ton","7439"
"7440.ton","7440"
"7441.ton","7441"
"7442.ton","7442"
"7443.ton","7443"
"7444.ton","7444"
"7445.ton","7445"
"7446.ton","7446"
"7447.ton","7447"
"7448.ton","7448"
"7449.ton","7449"
"7450.ton","7450"
"7451.ton","7451"
"7452.ton","7452"
"7453.ton","7453"
"7454.ton","7454"
"7455.ton","7455"
"7456.ton","7456"
"7457.ton","7457"
"7458.ton","7458"
"7459.ton","7459"
"7460.ton","7460"
"7461.ton","7461"
"7462.ton","7462"
"7463.ton","7463"
"7464.ton","7464"
"7465.ton","7465"
"7466.ton","7466"
"7467.ton","7467"
"7468.ton","7468"
"7469.ton","7469"
"7470.ton","7470"
"7471.ton","7471"
"7472.ton","7472"
"7473.ton","7473"
"7474.ton","7474"
"7475.ton","7475"
"7476.ton","7476"
"7477.ton","7477"
"7478.ton","7478"
"7479.ton","7479"
"7480.ton","7480"
"7481.ton","7481"
"7482.ton","7482"
"7483.ton","7483"
"7484.ton","7484"
"7485.ton","7485"
"7486.ton","7486"
"7487.ton","7487"
"7488.ton","7488"
"7489.ton","7489"
"7490.ton","7490"
"7491.ton","7491"
"7492.ton","7492"
"7493.ton","7493"
"7494.ton","7494"
"7495.ton","7495"
"7496.ton","7496"
"7497.ton","7497"
"7498.ton","7498"
"7499.ton","7499"
"7500.ton","7500"
"7501.ton","7501"
"7502.ton","7502"
"7503.ton","7503"
"7504.ton","7504"
"7505.ton","7505"
"7506.ton","7506"
"7507.ton","7507"
"7508.ton","7508"
"7509.ton","7509"
"7510.ton","7510"
"7511.ton","7511"
"7512.ton","7512"
"7513.ton","7513"
"7514.ton","7514"
"7515.ton","7515"
"7516.ton","7516"
"7517.ton","7517"
"7518.ton","7518"
"7519.ton","7519"
"7520.ton","7520"
"7521.ton","7521"
"7522.ton","7522"
"7523.ton","7523"
"7524.ton","7524"
"7525.ton","7525"
"7526.ton","7526"
"7527.ton","7527"
"7528.ton","7528"
"7529.ton","7529"
"7530.ton","7530"
"7531.ton","7531"
"7532.ton","7532"
"7533.ton","7533"
"7534.ton","7534"
"7535.ton","7535"
"7536.ton","7536"
"7537.ton","7537"
"7538.ton","7538"
"7539.ton","7539"
"7540.ton","7540"
"7541.ton","7541"
"7542.ton","7542"
"7543.ton","7543"
"7544.ton","7544"
"7545.ton","7545"
"7546.ton","7546"
"7547.ton","7547"
"7548.ton","7548"
"7549.ton","7549"
"7550.ton","7550"
"7551.ton","7551"
"7552.ton","7552"
"7553.ton","7553"
"7554.ton","7554"
"7555.ton","7555"
"7556.ton","7556"
"7557.ton","7557"
"7558.ton","7558"
"7559.ton","7559"
"7560.ton","7560"
"7561.ton","7561"
"7562.ton","7562"
"7563.ton","7563"
"7564.ton","7564"
"7565.ton","7565"
"7566.ton","7566"
"7567.ton","7567"
"7568.ton","7568"
"7569.ton","7569"
"7570.ton","7570"
"7571.ton","7571"
"7572.ton","7572"
"7573.ton","7573"
"7574.ton","7574"
"7575.ton","7575"
"7576.ton","7576"
"7577.ton","7577"
"7578.ton","7578"
"7579.ton","7579"
"7580.ton","7580"
"7581.ton","7581"
"7582.ton","7582"
"7583.ton","7583"
"7584.ton","7584"
"7585.ton","7585"
"7586.ton","7586"
"7587.ton","7587"
"7588.ton","7588"
"7589.ton","7589"
"7590.ton","7590"
"7591.ton","7591"
"7592.ton","7592"
"7593.ton","7593"
"7594.ton","7594"
"7595.ton","7595"
"7596.ton","7596"
"7597.ton","7597"
"7598.ton","7598"
"7599.ton","7599"
"7600.ton","7600"
"7601.ton","7601"
"7602.ton","7602"
"7603.ton","7603"
"7604.ton","7604"
"7605.ton","7605"
"7606.ton","7606"
"7607.ton","7607"
"7608.ton","7608"
"7609.ton","7609"
"7610.ton","7610"
"7611.ton","7611"
"7612.ton","7612"
"7613.ton","7613"
"7614.ton","7614"
"7615.ton","7615"
"7616.ton","7616"
"7617.ton","7617"
"7618.ton","7618"
"7619.ton","7619"
"7620.ton","7620"
"7621.ton","7621"
"7622.ton","7622"
"7623.ton","7623"
"7624.ton","7624"
"7625.ton","7625"
"7626.ton","7626"
"7627.ton","7627"
"7628.ton","7628"
"7629.ton","7629"
"7630.ton","7630"
"7631.ton","7631"
"7632.ton","7632"
"7633.ton","7633"
"7634.ton","7634"
"7635.ton","7635"
"7636.ton","7636"
"7637.ton","7637"
"7638.ton","7638"
"7639.ton","7639"
"7640.ton","7640"
"7641.ton","7641"
"7642.ton","7642"
"7643.ton","7643"
"7644.ton","7644"
"7645.ton","7645"
"7646.ton","7646"
"7647.ton","7647"
"7648.ton","7648"
"7649.ton","7649"
"7650.ton","7650"
"7651.ton","7651"
"7652.ton","7652"
"7653.ton","7653"
"7654.ton","7654"
"7655.ton","7655"
"7656.ton","7656"
"7657.ton","7657"
"7658.ton","7658"
"7659.ton","7659"
"7660.ton","7660"
"7661.ton","7661"
"7662.ton","7662"
"7663.ton","7663"
"7664.ton","7664"
"7665.ton","7665"
"7666.ton","7666"
"7667.ton","7667"
"7668.ton","7668"
"7669.ton","7669"
"7670.ton","7670"
"7671.ton","7671"
"7672.ton","7672"
"7673.ton","7673"
"7674.ton","7674"
"7675.ton","7675"
"7676.ton","7676"
"7677.ton","7677"
"7678.ton","7678"
"7679.ton","7679"
"7680.ton","7680"
"7681.ton","7681"
"7682.ton","7682"
"7683.ton","7683"
"7684.ton","7684"
"7685.ton","7685"
"7686.ton","7686"
"7687.ton","7687"
"7688.ton","7688"
"7689.ton","7689"
"7690.ton","7690"
"7691.ton","7691"
"7692.ton","7692"
"7693.ton","7693"
"7694.ton","7694"
"7695.ton","7695"
"7696.ton","7696"
"7697.ton","7697"
"7698.ton","7698"
"7699.ton","7699"
"7700.ton","7700"
"7701.ton","7701"
"7702.ton","7702"
"7703.ton","7703"
"7704.ton","7704"
"7705.ton","7705"
"7706.ton","7706"
"7707.ton","7707"
"7708.ton","7708"
"7709.ton","7709"
"7710.ton","7710"
"7711.ton","7711"
"7712.ton","7712"
"7713.ton","7713"
"7714.ton","7714"
"7715.ton","7715"
"7716.ton","7716"
"7717.ton","7717"
"7718.ton","7718"
"7719.ton","7719"
"7720.ton","7720"
"7721.ton","7721"
"7722.ton","7722"
"7723.ton","7723"
"7724.ton","7724"
"7725.ton","7725"
"7726.ton","7726"
"7727.ton","7727"
"7728.ton","7728"
"7729.ton","7729"
"7730.ton","7730"
"7731.ton","7731"
"7732.ton","7732"
"7733.ton","7733"
"7734.ton","7734"
"7735.ton","7735"
"7736.ton","7736"
"7737.ton","7737"
"7738.ton","7738"
"7739.ton","7739"
"7740.ton","7740"
"7741.ton","7741"
"7742.ton","7742"
"7743.ton","7743"
"7744.ton","7744"
"7745.ton","7745"
"7746.ton","7746"
"7747.ton","7747"
"7748.ton","7748"
"7749.ton","7749"
"7750.ton","7750"
"7751.ton","7751"
"7752.ton","7752"
"7753.ton","7753"
"7754.ton","7754"
"7755.ton","7755"
"7756.ton","7756"
"7757.ton","7757"
"7758.ton","7758"
"7759.ton","7759"
"7760.ton","7760"
"7761.ton","7761"
"7762.ton","7762"
"7763.ton","7763"
"7764.ton","7764"
"7765.ton","7765"
"7766.ton","7766"
"7767.ton","7767"
"7768.ton","7768"
"7769.ton","7769"
"7770.ton","7770"
"7771.ton","7771"
"7772.ton","7772"
"7773.ton","7773"
"7774.ton","7774"
"7775.ton","7775"
"7776.ton","7776"
"7777.ton","7777"
"7778.ton","7778"
"7779.ton","7779"
"7780.ton","7780"
"7781.ton","7781"
"7782.ton","7782"
"7783.ton","7783"
"7784.ton","7784"
"7785.ton","7785"
"7786.ton","7786"
"7787.ton","7787"
"7788.ton","7788"
"7789.ton","7789"
"7790.ton","7790"
"7791.ton","7791"
"7792.ton","7792"
"7793.ton","7793"
"7794.ton","7794"
"7795.ton","7795"
"7796.ton","7796"
"7797.ton","7797"
"7798.ton","7798"
"7799.ton","7799"
"7800.ton","7800"
"7801.ton","7801"
"7802.ton","7802"
"7803.ton","7803"
"7804.ton","7804"
"7805.ton","7805"
"7806.ton","7806"
"7807.ton","7807"
"7808.ton","7808"
"7809.ton","7809"
"7810.ton","7810"
"7811.ton","7811"
"7812.ton","7812"
"7813.ton","7813"
"7814.ton","7814"
"7815.ton","7815"
"7816.ton","7816"
"7817.ton","7817"
"7818.ton","7818"
"7819.ton","7819"
"7820.ton","7820"
"7821.ton","7821"
"7822.ton","7822"
"7823.ton","7823"
"7824.ton","7824"
"7825.ton","7825"
"7826.ton","7826"
"7827.ton","7827"
"7828.ton","7828"
"7829.ton","7829"
"7830.ton","7830"
"7831.ton","7831"
"7832.ton","7832"
"7833.ton","7833"
"7834.ton","7834"
"7835.ton","7835"
"7836.ton","7836"
"7837.ton","7837"
"7838.ton","7838"
"7839.ton","7839"
"7840.ton","7840"
"7841.ton","7841"
"7842.ton","7842"
"7843.ton","7843"
"7844.ton","7844"
"7845.ton","7845"
"7846.ton","7846"
"7847.ton","7847"
"7848.ton","7848"
"7849.ton","7849"
"7850.ton","7850"
"7851.ton","7851"
"7852.ton","7852"
"7853.ton","7853"
"7854.ton","7854"
"7855.ton","7855"
"7856.ton","7856"
"7857.ton","7857"
"7858.ton","7858"
"7859.ton","7859"
"7860.ton","7860"
"7861.ton","7861"
"7862.ton","7862"
"7863.ton","7863"
"7864.ton","7864"
"7865.ton","7865"
"7866.ton","7866"
"7867.ton","7867"
"7868.ton","7868"
"7869.ton","7869"
"7870.ton","7870"
"7871.ton","7871"
"7872.ton","7872"
"7873.ton","7873"
"7874.ton","7874"
"7875.ton","7875"
"7876.ton","7876"
"7877.ton","7877"
"7878.ton","7878"
"7879.ton","7879"
"7880.ton","7880"
"7881.ton","7881"
"7882.ton","7882"
"7883.ton","7883"
"7884.ton","7884"
"7885.ton","7885"
"7886.ton","7886"
"7887.ton","7887"
"7888.ton","7888"
"7889.ton","7889"
"7890.ton","7890"
"7891.ton","7891"
"7892.ton","7892"
"7893.ton","7893"
"7894.ton","7894"
"7895.ton","7895"
"7896.ton","7896"
"7897.ton","7897"
"7898.ton","7898"
"7899.ton","7899"
"7900.ton","7900"
"7901.ton","7901"
"7902.ton","7902"
"7903.ton","7903"
"7904.ton","7904"
"7905.ton","7905"
"7906.ton","7906"
"7907.ton","7907"
"7908.ton","7908"
"7909.ton","7909"
"7910.ton","7910"
"7911.ton","7911"
"7912.ton","7912"
"7913.ton","7913"
"7914.ton","7914"
"7915.ton","7915"
"7916.ton","7916"
"7917.ton","7917"
"7918.ton","7918"
"7919.ton","7919"
"7920.ton","7920"
"7921.ton","7921"
"7922.ton","7922"
"7923.ton","7923"
"7924.ton","7924"
"7925.ton","7925"
"7926.ton","7926"
"7927.ton","7927"
"7928.ton","7928"
"7929.ton","7929"
"7930.ton","7930"
"7931.ton","7931"
"7932.ton","7932"
"7933.ton","7933"
"7934.ton","7934"
"7935.ton","7935"
"7936.ton","7936"
"7937.ton","7937"
"7938.ton","7938"
"7939.ton","7939"
"7940.ton","7940"
"7941.ton","7941"
"7942.ton","7942"
"7943.ton","7943"
"7944.ton","7944"
"7945.ton","7945"
"7946.ton","7946"
"7947.ton","7947"
"7948.ton","7948"
"7949.ton","7949"
"7950.ton","7950"
"7951.ton","7951"
"7952.ton","7952"
"7953.ton","7953"
"7954.ton","7954"
"7955.ton","7955"
"7956.ton","7956"
"7957.ton","7957"
"7958.ton","7958"
"7959.ton","7959"
"7960.ton","7960"
"7961.ton","7961"
"7962.ton","7962"
"7963.ton","7963"
"7964.ton","7964"
"7965.ton","7965"
"7966.ton","7966"
"7967.ton","7967"
"7968.ton","7968"
"7969.ton","7969"
"7970.ton","7970"
"7971.ton","7971"
"7972.ton","7972"
"7973.ton","7973"
"7974.ton","7974"
"7975.ton","7975"
"7976.ton","7976"
"7977.ton","7977"
"7978.ton","7978"
"7979.ton","7979"
"7980.ton","7980"
"7981.ton","7981"
"7982.ton","7982"
"7983.ton","7983"
"7984.ton","7984"
"7985.ton","7985"
"7986.ton","7986"
"7987.ton","7987"
"7988.ton","7988"
"7989.ton","7989"
"7990.ton","7990"
"7991.ton","7991"
"7992.ton","7992"
"7993.ton","7993"
"7994.ton","7994"
"7995.ton","7995"
"7996.ton","7996"
"7997.ton","7997"
"7998.ton","7998"
"7999.ton","7999"
"8000.ton","8000"
"8001.ton","8001"
"8002.ton","8002"
"8003.ton","8003"
"8004.ton","8004"
"8005.ton","8005"
"8006.ton","8006"
"8007.ton","8007"
"8008.ton","8008"
"8009.ton","8009"
"8010.ton","8010"
"8011.ton","8011"
"8012.ton","8012"
"8013.ton","8013"
"8014.ton","8014"
"8015.ton","8015"
"8016.ton","8016"
"8017.ton","8017"
"8018.ton","8018"
"8019.ton","8019"
"8020.ton","8020"
"8021.ton","8021"
"8022.ton","8022"
"8023.ton","8023"
"8024.ton","8024"
"8025.ton","8025"
"8026.ton","8026"
"8027.ton","8027"
"8028.ton","8028"
"8029.ton","8029"
"8030.ton","8030"
"8031.ton","8031"
"8032.ton","8032"
"8033.ton","8033"
"8034.ton","8034"
"8035.ton","8035"
"8036.ton","8036"
"8037.ton","8037"
"8038.ton","8038"
"8039.ton","8039"
"8040.ton","8040"
"8041.ton","8041"
"8042.ton","8042"
"8043.ton","8043"
"8044.ton","8044"
"8045.ton","8045"
"8046.ton","8046"
"8047.ton","8047"
"8048.ton","8048"
"8049.ton","8049"
"8050.ton","8050"
"8051.ton","8051"
"8052.ton","8052"
"8053.ton","8053"
"8054.ton","8054"
"8055.ton","8055"
"8056.ton","8056"
"8057.ton","8057"
"8058.ton","8058"
"8059.ton","8059"
"8060.ton","8060"
"8061.ton","8061"
"8062.ton","8062"
"8063.ton","8063"
"8064.ton","8064"
"8065.ton","8065"
"8066.ton","8066"
"8067.ton","8067"
"8068.ton","8068"
"8069.ton","8069"
"8070.ton","8070"
"8071.ton","8071"
"8072.ton","8072"
"8073.ton","8073"
"8074.ton","8074"
"8075.ton","8075"
"8076.ton","8076"
"8077.ton","8077"
"8078.ton","8078"
"8079.ton","8079"
"8080.ton","8080"
"8081.ton","8081"
"8082.ton","8082"
"8083.ton","8083"
"8084.ton","8084"
"8085.ton","8085"
"8086.ton","8086"
"8087.ton","8087"
"8088.ton","8088"
"8089.ton","8089"
"8090.ton","8090"
"8091.ton","8091"
"8092.ton","8092"
"8093.ton","8093"
"8094.ton","8094"
"8095.ton","8095"
"8096.ton","8096"
"8097.ton","8097"
"8098.ton","8098"
"8099.ton","8099"
"8100.ton","8100"
"8101.ton","8101"
"8102.ton","8102"
"8103.ton","8103"
"8104.ton","8104"
"8105.ton","8105"
"8106.ton","8106"
"8107.ton","8107"
"8108.ton","8108"
"8109.ton","8109"
"8110.ton","8110"
"8111.ton","8111"
"8112.ton","8112"
"8113.ton","8113"
"8114.ton","8114"
"8115.ton","8115"
"8116.ton","8116"
"8117.ton","8117"
"8118.ton","8118"
"8119.ton","8119"
"8120.ton","8120"
"8121.ton","8121"
"8122.ton","8122"
"8123.ton","8123"
"8124.ton","8124"
"8125.ton","8125"
"8126.ton","8126"
"8127.ton","8127"
"8128.ton","8128"
"8129.ton","8129"
"8130.ton","8130"
"8131.ton","8131"
"8132.ton","8132"
"8133.ton","8133"
"8134.ton","8134"
"8135.ton","8135"
"8136.ton","8136"
"8137.ton","8137"
"8138.ton","8138"
"8139.ton","8139"
"8140.ton","8140"
"8141.ton","8141"
"8142.ton","8142"
"8143.ton","8143"
"8144.ton","8144"
"8145.ton","8145"
"8146.ton","8146"
"8147.ton","8147"
"8148.ton","8148"
"8149.ton","8149"
"8150.ton","8150"
"8151.ton","8151"
"8152.ton","8152"
"8153.ton","8153"
"8154.ton","8154"
"8155.ton","8155"
"8156.ton","8156"
"8157.ton","8157"
"8158.ton","8158"
"8159.ton","8159"
"8160.ton","8160"
"8161.ton","8161"
"8162.ton","8162"
"8163.ton","8163"
"8164.ton","8164"
"8165.ton","8165"
"8166.ton","8166"
"8167.ton","8167"
"8168.ton","8168"
"8169.ton","8169"
"8170.ton","8170"
"8171.ton","8171"
"8172.ton","8172"
"8173.ton","8173"
"8174.ton","8174"
"8175.ton","8175"
"8176.ton","8176"
"8177.ton","8177"
"8178.ton","8178"
"8179.ton","8179"
"8180.ton","8180"
"8181.ton","8181"
"8182.ton","8182"
"8183.ton","8183"
"8184.ton","8184"
"8185.ton","8185"
"8186.ton","8186"
"8187.ton","8187"
"8188.ton","8188"
"8189.ton","8189"
"8190.ton","8190"
"8191.ton","8191"
"8192.ton","8192"
"8193.ton","8193"
"8194.ton","8194"
"8195.ton","8195"
"8196.ton","8196"
"8197.ton","8197"
"8198.ton","8198"
"8199.ton","8199"
"8200.ton","8200"
"8201.ton","8201"
"8202.ton","8202"
"8203.ton","8203"
"8204.ton","8204"
"8205.ton","8205"
"8206.ton","8206"
"8207.ton","8207"
"8208.ton","8208"
"8209.ton","8209"
"8210.ton","8210"
"8211.ton","8211"
"8212.ton","8212"
"8213.ton","8213"
"8214.ton","8214"
"8215.ton","8215"
"8216.ton","8216"
"8217.ton","8217"
"8218.ton","8218"
"8219.ton","8219"
"8220.ton","8220"
"8221.ton","8221"
"8222.ton","8222"
"8223.ton","8223"
"8224.ton","8224"
"8225.ton","8225"
"8226.ton","8226"
"8227.ton","8227"
"8228.ton","8228"
"8229.ton","8229"
"8230.ton","8230"
"8231.ton","8231"
"8232.ton","8232"
"8233.ton","8233"
"8234.ton","8234"
"8235.ton","8235"
"8236.ton","8236"
"8237.ton","8237"
"8238.ton","8238"
"8239.ton","8239"
"8240.ton","8240"
"8241.ton","8241"
"8242.ton","8242"
"8243.ton","8243"
"8244.ton","8244"
"8245.ton","8245"
"8246.ton","8246"
"8247.ton","8247"
"8248.ton","8248"
"8249.ton","8249"
"8250.ton","8250"
"8251.ton","8251"
"8252.ton","8252"
"8253.ton","8253"
"8254.ton","8254"
"8255.ton","8255"
"8256.ton","8256"
"8257.ton","8257"
"8258.ton","8258"
"8259.ton","8259"
"8260.ton","8260"
"8261.ton","8261"
"8262.ton","8262"
"8263.ton","8263"
"8264.ton","8264"
"8265.ton","8265"
"8266.ton","8266"
"8267.ton","8267"
"8268.ton","8268"
"8269.ton","8269"
"8270.ton","8270"
"8271.ton","8271"
"8272.ton","8272"
"8273.ton","8273"
"8274.ton","8274"
"8275.ton","8275"
"8276.ton","8276"
"8277.ton","8277"
"8278.ton","8278"
"8279.ton","8279"
"8280.ton","8280"
"8281.ton","8281"
"8282.ton","8282"
"8283.ton","8283"
"8284.ton","8284"
"8285.ton","8285"
"8286.ton","8286"
"8287.ton","8287"
"8288.ton","8288"
"8289.ton","8289"
"8290.ton","8290"
"8291.ton","8291"
"8292.ton","8292"
"8293.ton","8293"
"8294.ton","8294"
"8295.ton","8295"
"8296.ton","8296"
"8297.ton","8297"
"8298.ton","8298"
"8299.ton","8299"
"8300.ton","8300"
"8301.ton","8301"
"8302.ton","8302"
"8303.ton","8303"
"8304.ton","8304"
"8305.ton","8305"
"8306.ton","8306"
"8307.ton","8307"
"8308.ton","8308"
"8309.ton","8309"
"8310.ton","8310"
"8311.ton","8311"
"8312.ton","8312"
"8313.ton","8313"
"8314.ton","8314"
"8315.ton","8315"
"8316.ton","8316"
"8317.ton","8317"
"8318.ton","8318"
"8319.ton","8319"
"8320.ton","8320"
"8321.ton","8321"
"8322.ton","8322"
"8323.ton","8323"
"8324.ton","8324"
"8325.ton","8325"
"8326.ton","8326"
"8327.ton","8327"
"8328.ton","8328"
"8329.ton","8329"
"8330.ton","8330"
"8331.ton","8331"
"8332.ton","8332"
"8333.ton","8333"
"8334.ton","8334"
"8335.ton","8335"
"8336.ton","8336"
"8337.ton","8337"
"8338.ton","8338"
"8339.ton","8339"
"8340.ton","8340"
"8341.ton","8341"
"8342.ton","8342"
"8343.ton","8343"
"8344.ton","8344"
"8345.ton","8345"
"8346.ton","8346"
"8347.ton","8347"
"8348.ton","8348"
"8349.ton","8349"
"8350.ton","8350"
"8351.ton","8351"
"8352.ton","8352"
"8353.ton","8353"
"8354.ton","8354"
"8355.ton","8355"
"8356.ton","8356"
"8357.ton","8357"
"8358.ton","8358"
"8359.ton","8359"
"8360.ton","8360"
"8361.ton","8361"
"8362.ton","8362"
"8363.ton","8363"
"8364.ton","8364"
"8365.ton","8365"
"8366.ton","8366"
"8367.ton","8367"
"8368.ton","8368"
"8369.ton","8369"
"8370.ton","8370"
"8371.ton","8371"
"8372.ton","8372"
"8373.ton","8373"
"8374.ton","8374"
"8375.ton","8375"
"8376.ton","8376"
"8377.ton","8377"
"8378.ton","8378"
"8379.ton","8379"
"8380.ton","8380"
"8381.ton","8381"
"8382.ton","8382"
"8383.ton","8383"
"8384.ton","8384"
"8385.ton","8385"
"8386.ton","8386"
"8387.ton","8387"
"8388.ton","8388"
"8389.ton","8389"
"8390.ton","8390"
"8391.ton","8391"
"8392.ton","8392"
"8393.ton","8393"
"8394.ton","8394"
"8395.ton","8395"
"8396.ton","8396"
"8397.ton","8397"
"8398.ton","8398"
"8399.ton","8399"
"8400.ton","8400"
"8401.ton","8401"
"8402.ton","8402"
"8403.ton","8403"
"8404.ton","8404"
"8405.ton","8405"
"8406.ton","8406"
"8407.ton","8407"
"8408.ton","8408"
"8409.ton","8409"
"8410.ton","8410"
"8411.ton","8411"
"8412.ton","8412"
"8413.ton","8413"
"8414.ton","8414"
"8415.ton","8415"
"8416.ton","8416"
"8417.ton","8417"
"8418.ton","8418"
"8419.ton","8419"
"8420.ton","8420"
"8421.ton","8421"
"8422.ton","8422"
"8423.ton","8423"
"8424.ton","8424"
"8425.ton","8425"
"8426.ton","8426"
"8427.ton","8427"
"8428.ton","8428"
"8429.ton","8429"
"8430.ton","8430"
"8431.ton","8431"
"8432.ton","8432"
"8433.ton","8433"
"8434.ton","8434"
"8435.ton","8435"
"8436.ton","8436"
"8437.ton","8437"
"8438.ton","8438"
"8439.ton","8439"
"8440.ton","8440"
"8441.ton","8441"
"8442.ton","8442"
"8443.ton","8443"
"8444.ton","8444"
"8445.ton","8445"
"8446.ton","8446"
"8447.ton","8447"
"8448.ton","8448"
"8449.ton","8449"
"8450.ton","8450"
"8451.ton","8451"
"8452.ton","8452"
"8453.ton","8453"
"8454.ton","8454"
"8455.ton","8455"
"8456.ton","8456"
"8457.ton","8457"
"8458.ton","8458"
"8459.ton","8459"
"8460.ton","8460"
"8461.ton","8461"
"8462.ton","8462"
"8463.ton","8463"
"8464.ton","8464"
"8465.ton","8465"
"8466.ton","8466"
"8467.ton","8467"
"8468.ton","8468"
"8469.ton","8469"
"8470.ton","8470"
"8471.ton","8471"
"8472.ton","8472"
"8473.ton","8473"
"8474.ton","8474"
"8475.ton","8475"
"8476.ton","8476"
"8477.ton","8477"
"8478.ton","8478"
"8479.ton","8479"
"8480.ton","8480"
"8481.ton","8481"
"8482.ton","8482"
"8483.ton","8483"
"8484.ton","8484"
"8485.ton","8485"
"8486.ton","8486"
"8487.ton","8487"
"8488.ton","8488"
"8489.ton","8489"
"8490.ton","8490"
"8491.ton","8491"
"8492.ton","8492"
"8493.ton","8493"
"8494.ton","8494"
"8495.ton","8495"
"8496.ton","8496"
"8497.ton","8497"
"8498.ton","8498"
"8499.ton","8499"
"8500.ton","8500"
"8501.ton","8501"
"8502.ton","8502"
"8503.ton","8503"
"8504.ton","8504"
"8505.ton","8505"
"8506.ton","8506"
"8507.ton","8507"
"8508.ton","8508"
"8509.ton","8509"
"8510.ton","8510"
"8511.ton","8511"
"8512.ton","8512"
"8513.ton","8513"
"8514.ton","8514"
"8515.ton","8515"
"8516.ton","8516"
"8517.ton","8517"
"8518.ton","8518"
"8519.ton","8519"
"8520.ton","8520"
"8521.ton","8521"
"8522.ton","8522"
"8523.ton","8523"
"8524.ton","8524"
"8525.ton","8525"
"8526.ton","8526"
"8527.ton","8527"
"8528.ton","8528"
"8529.ton","8529"
"8530.ton","8530"
"8531.ton","8531"
"8532.ton","8532"
"8533.ton","8533"
"8534.ton","8534"
"8535.ton","8535"
"8536.ton","8536"
"8537.ton","8537"
"8538.ton","8538"
"8539.ton","8539"
"8540.ton","8540"
"8541.ton","8541"
"8542.ton","8542"
"8543.ton","8543"
"8544.ton","8544"
"8545.ton","8545"
"8546.ton","8546"
"8547.ton","8547"
"8548.ton","8548"
"8549.ton","8549"
"8550.ton","8550"
"8551.ton","8551"
"8552.ton","8552"
"8553.ton","8553"
"8554.ton","8554"
"8555.ton","8555"
"8556.ton","8556"
"8557.ton","8557"
"8558.ton","8558"
"8559.ton","8559"
"8560.ton","8560"
"8561.ton","8561"
"8562.ton","8562"
"8563.ton","8563"
"8564.ton","8564"
"8565.ton","8565"
"8566.ton","8566"
"8567.ton","8567"
"8568.ton","8568"
"8569.ton","8569"
"8570.ton","8570"
"8571.ton","8571"
"8572.ton","8572"
"8573.ton","8573"
"8574.ton","8574"
"8575.ton","8575"
"8576.ton","8576"
"8577.ton","8577"
"8578.ton","8578"
"8579.ton","8579"
"8580.ton","8580"
"8581.ton","8581"
"8582.ton","8582"
"8583.ton","8583"
"8584.ton","8584"
"8585.ton","8585"
"8586.ton","8586"
"8587.ton","8587"
"8588.ton","8588"
"8589.ton","8589"
"8590.ton","8590"
"8591.ton","8591"
"8592.ton","8592"
"8593.ton","8593"
"8594.ton","8594"
"8595.ton","8595"
"8596.ton","8596"
"8597.ton","8597"
"8598.ton","8598"
"8599.ton","8599"
"8600.ton","8600"
"8601.ton","8601"
"8602.ton","8602"
"8603.ton","8603"
"8604.ton","8604"
"8605.ton","8605"
"8606.ton","8606"
"8607.ton","8607"
"8608.ton","8608"
"8609.ton","8609"
"8610.ton","8610"
"8611.ton","8611"
"8612.ton","8612"
"8613.ton","8613"
"8614.ton","8614"
"8615.ton","8615"
"8616.ton","8616"
"8617.ton","8617"
"8618.ton","8618"
"8619.ton","8619"
"8620.ton","8620"
"8621.ton","8621"
"8622.ton","8622"
"8623.ton","8623"
"8624.ton","8624"
"8625.ton","8625"
"8626.ton","8626"
"8627.ton","8627"
"8628.ton","8628"
"8629.ton","8629"
"8630.ton","8630"
"8631.ton","8631"
"8632.ton","8632"
"8633.ton","8633"
"8634.ton","8634"
"8635.ton","8635"
"8636.ton","8636"
"8637.ton","8637"
"8638.ton","8638"
"8639.ton","8639"
"8640.ton","8640"
"8641.ton","8641"
"8642.ton","8642"
"8643.ton","8643"
"8644.ton","8644"
"8645.ton","8645"
"8646.ton","8646"
"8647.ton","8647"
"8648.ton","8648"
"8649.ton","8649"
"8650.ton","8650"
"8651.ton","8651"
"8652.ton","8652"
"8653.ton","8653"
"8654.ton","8654"
"8655.ton","8655"
"8656.ton","8656"
"8657.ton","8657"
"8658.ton","8658"
"8659.ton","8659"
"8660.ton","8660"
"8661.ton","8661"
"8662.ton","8662"
"8663.ton","8663"
"8664.ton","8664"
"8665.ton","8665"
"8666.ton","8666"
"8667.ton","8667"
"8668.ton","8668"
"8669.ton","8669"
"8670.ton","8670"
"8671.ton","8671"
"8672.ton","8672"
"8673.ton","8673"
"8674.ton","8674"
"8675.ton","8675"
"8676.ton","8676"
"8677.ton","8677"
"8678.ton","8678"
"8679.ton","8679"
"8680.ton","8680"
"8681.ton","8681"
"8682.ton","8682"
"8683.ton","8683"
"8684.ton","8684"
"8685.ton","8685"
"8686.ton","8686"
"8687.ton","8687"
"8688.ton","8688"
"8689.ton","8689"
"8690.ton","8690"
"8691.ton","8691"
"8692.ton","8692"
"8693.ton","8693"
"8694.ton","8694"
"8695.ton","8695"
"8696.ton","8696"
"8697.ton","8697"
"8698.ton","8698"
"8699.ton","8699"
"8700.ton","8700"
"8701.ton","8701"
"8702.ton","8702"
"8703.ton","8703"
"8704.ton","8704"
"8705.ton","8705"
"8706.ton","8706"
"8707.ton","8707"
"8708.ton","8708"
"8709.ton","8709"
"8710.ton","8710"
"8711.ton","8711"
"8712.ton","8712"
"8713.ton","8713"
"8714.ton","8714"
"8715.ton","8715"
"8716.ton","8716"
"8717.ton","8717"
"8718.ton","8718"
"8719.ton","8719"
"8720.ton","8720"
"8721.ton","8721"
"8722.ton","8722"
"8723.ton","8723"
"8724.ton","8724"
"8725.ton","8725"
"8726.ton","8726"
"8727.ton","8727"
"8728.ton","8728"
"8729.ton","8729"
"8730.ton","8730"
"8731.ton","8731"
"8732.ton","8732"
"8733.ton","8733"
"8734.ton","8734"
"8735.ton","8735"
"8736.ton","8736"
"8737.ton","8737"
"8738.ton","8738"
"8739.ton","8739"
"8740.ton","8740"
"8741.ton","8741"
"8742.ton","8742"
"8743.ton","8743"
"8744.ton","8744"
"8745.ton","8745"
"8746.ton","8746"
"8747.ton","8747"
"8748.ton","8748"
"8749.ton","8749"
"8750.ton","8750"
"8751.ton","8751"
"8752.ton","8752"
"8753.ton","8753"
"8754.ton","8754"
"8755.ton","8755"
"8756.ton","8756"
"8757.ton","8757"
"8758.ton","8758"
"8759.ton","8759"
"8760.ton","8760"
"8761.ton","8761"
"8762.ton","8762"
"8763.ton","8763"
"8764.ton","8764"
"8765.ton","8765"
"8766.ton","8766"
"8767.ton","8767"
"8768.ton","8768"
"8769.ton","8769"
"8770.ton","8770"
"8771.ton","8771"
"8772.ton","8772"
"8773.ton","8773"
"8774.ton","8774"
"8775.ton","8775"
"8776.ton","8776"
"8777.ton","8777"
"8778.ton","8778"
"8779.ton","8779"
"8780.ton","8780"
"8781.ton","8781"
"8782.ton","8782"
"8783.ton","8783"
"8784.ton","8784"
"8785.ton","8785"
"8786.ton","8786"
"8787.ton","8787"
"8788.ton","8788"
"8789.ton","8789"
"8790.ton","8790"
"8791.ton","8791"
"8792.ton","8792"
"8793.ton","8793"
"8794.ton","8794"
"8795.ton","8795"
"8796.ton","8796"
"8797.ton","8797"
"8798.ton","8798"
"8799.ton","8799"
"8800.ton","8800"
"8801.ton","8801"
"8802.ton","8802"
"8803.ton","8803"
"8804.ton","8804"
"8805.ton","8805"
"8806.ton","8806"
"8807.ton","8807"
"8808.ton","8808"
"8809.ton","8809"
"8810.ton","8810"
"8811.ton","8811"
"8812.ton","8812"
"8813.ton","8813"
"8814.ton","8814"
"8815.ton","8815"
"8816.ton","8816"
"8817.ton","8817"
"8818.ton","8818"
"8819.ton","8819"
"8820.ton","8820"
"8821.ton","8821"
"8822.ton","8822"
"8823.ton","8823"
"8824.ton","8824"
"8825.ton","8825"
"8826.ton","8826"
"8827.ton","8827"
"8828.ton","8828"
"8829.ton","8829"
"8830.ton","8830"
"8831.ton","8831"
"8832.ton","8832"
"8833.ton","8833"
"8834.ton","8834"
"8835.ton","8835"
"8836.ton","8836"
"8837.ton","8837"
"8838.ton","8838"
"8839.ton","8839"
"8840.ton","8840"
"8841.ton","8841"
"8842.ton","8842"
"8843.ton","8843"
"8844.ton","8844"
"8845.ton","8845"
"8846.ton","8846"
"8847.ton","8847"
"8848.ton","8848"
"8849.ton","8849"
"8850.ton","8850"
"8851.ton","8851"
"8852.ton","8852"
"8853.ton","8853"
"8854.ton","8854"
"8855.ton","8855"
"8856.ton","8856"
"8857.ton","8857"
"8858.ton","8858"
"8859.ton","8859"
"8860.ton","8860"
"8861.ton","8861"
"8862.ton","8862"
"8863.ton","8863"
"8864.ton","8864"
"8865.ton","8865"
"8866.ton","8866"
"8867.ton","8867"
"8868.ton","8868"
"8869.ton","8869"
"8870.ton","8870"
"8871.ton","8871"
"8872.ton","8872"
"8873.ton","8873"
"8874.ton","8874"
"8875.ton","8875"
"8876.ton","8876"
"8877.ton","8877"
"8878.ton","8878"
"8879.ton","8879"
"8880.ton","8880"
"8881.ton","8881"
"8882.ton","8882"
"8883.ton","8883"
"8884.ton","8884"
"8885.ton","8885"
"8886.ton","8886"
"8887.ton","8887"
"8888.ton","8888"
"8889.ton","8889"
"8890.ton","8890"
"8891.ton","8891"
"8892.ton","8892"
"8893.ton","8893"
"8894.ton","8894"
"8895.ton","8895"
"8896.ton","8896"
"8897.ton","8897"
"8898.ton","8898"
"8899.ton","8899"
"8900.ton","8900"
"8901.ton","8901"
"8902.ton","8902"
"8903.ton","8903"
"8904.ton","8904"
"8905.ton","8905"
"8906.ton","8906"
"8907.ton","8907"
"8908.ton","8908"
"8909.ton","8909"
"8910.ton","8910"
"8911.ton","8911"
"8912.ton","8912"
"8913.ton","8913"
"8914.ton","8914"
"8915.ton","8915"
"8916.ton","8916"
"8917.ton","8917"
"8918.ton","8918"
"8919.ton","8919"
"8920.ton","8920"
"8921.ton","8921"
"8922.ton","8922"
"8923.ton","8923"
"8924.ton","8924"
"8925.ton","8925"
"8926.ton","8926"
"8927.ton","8927"
"8928.ton","8928"
"8929.ton","8929"
"8930.ton","8930"
"8931.ton","8931"
"8932.ton","8932"
"8933.ton","8933"
"8934.ton","8934"
"8935.ton","8935"
"8936.ton","8936"
"8937.ton","8937"
"8938.ton","8938"
"8939.ton","8939"
"8940.ton","8940"
"8941.ton","8941"
"8942.ton","8942"
"8943.ton","8943"
"8944.ton","8944"
"8945.ton","8945"
"8946.ton","8946"
"8947.ton","8947"
"8948.ton","8948"
"8949.ton","8949"
"8950.ton","8950"
"8951.ton","8951"
"8952.ton","8952"
"8953.ton","8953"
"8954.ton","8954"
"8955.ton","8955"
"8956.ton","8956"
"8957.ton","8957"
"8958.ton","8958"
"8959.ton","8959"
"8960.ton","8960"
"8961.ton","8961"
"8962.ton","8962"
"8963.ton","8963"
"8964.ton","8964"
"8965.ton","8965"
"8966.ton","8966"
"8967.ton","8967"
"8968.ton","8968"
"8969.ton","8969"
"8970.ton","8970"
"8971.ton","8971"
"8972.ton","8972"
"8973.ton","8973"
"8974.ton","8974"
"8975.ton","8975"
"8976.ton","8976"
"8977.ton","8977"
"8978.ton","8978"
"8979.ton","8979"
"8980.ton","8980"
"8981.ton","8981"
"8982.ton","8982"
"8983.ton","8983"
"8984.ton","8984"
"8985.ton","8985"
"8986.ton","8986"
"8987.ton","8987"
"8988.ton","8988"
"8989.ton","8989"
"8990.ton","8990"
"8991.ton","8991"
"8992.ton","8992"
"8993.ton","8993"
"8994.ton","8994"
"8995.ton","8995"
"8996.ton","8996"
"8997.ton","8997"
"8998.ton","8998"
"8999.ton","8999"
"9000.ton","9000"
"9001.ton","9001"
"9002.ton","9002"
"9003.ton","9003"
"9004.ton","9004"
"9005.ton","9005"
"9006.ton","9006"
"9007.ton","9007"
"9008.ton","9008"
"9009.ton","9009"
"9010.ton","9010"
"9011.ton","9011"
"9012.ton","9012"
"9013.ton","9013"
"9014.ton","9014"
"9015.ton","9015"
"9016.ton","9016"
"9017.ton","9017"
"9018.ton","9018"
"9019.ton","9019"
"9020.ton","9020"
"9021.ton","9021"
"9022.ton","9022"
"9023.ton","9023"
"9024.ton","9024"
"9025.ton","9025"
"9026.ton","9026"
"9027.ton","9027"
"9028.ton","9028"
"9029.ton","9029"
"9030.ton","9030"
"9031.ton","9031"
"9032.ton","9032"
"9033.ton","9033"
"9034.ton","9034"
"9035.ton","9035"
"9036.ton","9036"
"9037.ton","9037"
"9038.ton","9038"
"9039.ton","9039"
"9040.ton","9040"
"9041.ton","9041"
"9042.ton","9042"
"9043.ton","9043"
"9044.ton","9044"
"9045.ton","9045"
"9046.ton","9046"
"9047.ton","9047"
"9048.ton","9048"
"9049.ton","9049"
"9050.ton","9050"
"9051.ton","9051"
"9052.ton","9052"
"9053.ton","9053"
"9054.ton","9054"
"9055.ton","9055"
"9056.ton","9056"
"9057.ton","9057"
"9058.ton","9058"
"9059.ton","9059"
"9060.ton","9060"
"9061.ton","9061"
"9062.ton","9062"
"9063.ton","9063"
"9064.ton","9064"
"9065.ton","9065"
"9066.ton","9066"
"9067.ton","9067"
"9068.ton","9068"
"9069.ton","9069"
"9070.ton","9070"
"9071.ton","9071"
"9072.ton","9072"
"9073.ton","9073"
"9074.ton","9074"
"9075.ton","9075"
"9076.ton","9076"
"9077.ton","9077"
"9078.ton","9078"
"9079.ton","9079"
"9080.ton","9080"
"9081.ton","9081"
"9082.ton","9082"
"9083.ton","9083"
"9084.ton","9084"
"9085.ton","9085"
"9086.ton","9086"
"9087.ton","9087"
"9088.ton","9088"
"9089.ton","9089"
"9090.ton","9090"
"9091.ton","9091"
"9092.ton","9092"
"9093.ton","9093"
"9094.ton","9094"
"9095.ton","9095"
"9096.ton","9096"
"9097.ton","9097"
"9098.ton","9098"
"9099.ton","9099"
"9100.ton","9100"
"9101.ton","9101"
"9102.ton","9102"
"9103.ton","9103"
"9104.ton","9104"
"9105.ton","9105"
"9106.ton","9106"
"9107.ton","9107"
"9108.ton","9108"
"9109.ton","9109"
"9110.ton","9110"
"9111.ton","9111"
"9112.ton","9112"
"9113.ton","9113"
"9114.ton","9114"
"9115.ton","9115"
"9116.ton","9116"
"9117.ton","9117"
"9118.ton","9118"
"9119.ton","9119"
"9120.ton","9120"
"9121.ton","9121"
"9122.ton","9122"
"9123.ton","9123"
"9124.ton","9124"
"9125.ton","9125"
"9126.ton","9126"
"9127.ton","9127"
"9128.ton","9128"
"9129.ton","9129"
"9130.ton","9130"
"9131.ton","9131"
"9132.ton","9132"
"9133.ton","9133"
"9134.ton","9134"
"9135.ton","9135"
"9136.ton","9136"
"9137.ton","9137"
"9138.ton","9138"
"9139.ton","9139"
"9140.ton","9140"
"9141.ton","9141"
"9142.ton","9142"
"9143.ton","9143"
"9144.ton","9144"
"9145.ton","9145"
"9146.ton","9146"
"9147.ton","9147"
"9148.ton","9148"
"9149.ton","9149"
"9150.ton","9150"
"9151.ton","9151"
"9152.ton","9152"
"9153.ton","9153"
"9154.ton","9154"
"9155.ton","9155"
"9156.ton","9156"
"9157.ton","9157"
"9158.ton","9158"
"9159.ton","9159"
"9160.ton","9160"
"9161.ton","9161"
"9162.ton","9162"
"9163.ton","9163"
"9164.ton","9164"
"9165.ton","9165"
"9166.ton","9166"
"9167.ton","9167"
"9168.ton","9168"
"9169.ton","9169"
"9170.ton","9170"
"9171.ton","9171"
"9172.ton","9172"
"9173.ton","9173"
"9174.ton","9174"
"9175.ton","9175"
"9176.ton","9176"
"9177.ton","9177"
"9178.ton","9178"
"9179.ton","9179"
"9180.ton","9180"
"9181.ton","9181"
"9182.ton","9182"
"9183.ton","9183"
"9184.ton","9184"
"9185.ton","9185"
"9186.ton","9186"
"9187.ton","9187"
"9188.ton","9188"
"9189.ton","9189"
"9190.ton","9190"
"9191.ton","9191"
"9192.ton","9192"
"9193.ton","9193"
"9194.ton","9194"
"9195.ton","9195"
"9196.ton","9196"
"9197.ton","9197"
"9198.ton","9198"
"9199.ton","9199"
"9200.ton","9200"
"9201.ton","9201"
"9202.ton","9202"
"9203.ton","9203"
"9204.ton","9204"
"9205.ton","9205"
"9206.ton","9206"
"9207.ton","9207"
"9208.ton","9208"
"9209.ton","9209"
"9210.ton","9210"
"9211.ton","9211"
"9212.ton","9212"
"9213.ton","9213"
"9214.ton","9214"
"9215.ton","9215"
"9216.ton","9216"
"9217.ton","9217"
"9218.ton","9218"
"9219.ton","9219"
"9220.ton","9220"
"9221.ton","9221"
"9222.ton","9222"
"9223.ton","9223"
"9224.ton","9224"
"9225.ton","9225"
"9226.ton","9226"
"9227.ton","9227"
"9228.ton","9228"
"9229.ton","9229"
"9230.ton","9230"
"9231.ton","9231"
"9232.ton","9232"
"9233.ton","9233"
"9234.ton","9234"
"9235.ton","9235"
"9236.ton","9236"
"9237.ton","9237"
"9238.ton","9238"
"9239.ton","9239"
"9240.ton","9240"
"9241.ton","9241"
"9242.ton","9242"
"9243.ton","9243"
"9244.ton","9244"
"9245.ton","9245"
"9246.ton","9246"
"9247.ton","9247"
"9248.ton","9248"
"9249.ton","9249"
"9250.ton","9250"
"9251.ton","9251"
"9252.ton","9252"
"9253.ton","9253"
"9254.ton","9254"
"9255.ton","9255"
"9256.ton","9256"
"9257.ton","9257"
"9258.ton","9258"
"9259.ton","9259"
"9260.ton","9260"
"9261.ton","9261"
"9262.ton","9262"
"9263.ton","9263"
"9264.ton","9264"
"9265.ton","9265"
"9266.ton","9266"
"9267.ton","9267"
"9268.ton","9268"
"9269.ton","9269"
"9270.ton","9270"
"9271.ton","9271"
"9272.ton","9272"
"9273.ton","9273"
"9274.ton","9274"
"9275.ton","9275"
"9276.ton","9276"
"9277.ton","9277"
"9278.ton","9278"
"9279.ton","9279"
"9280.ton","9280"
"9281.ton","9281"
"9282.ton","9282"
"9283.ton","9283"
"9284.ton","9284"
"9285.ton","9285"
"9286.ton","9286"
"9287.ton","9287"
"9288.ton","9288"
"9289.ton","9289"
"9290.ton","9290"
"9291.ton","9291"
"9292.ton","9292"
"9293.ton","9293"
"9294.ton","9294"
"9295.ton","9295"
"9296.ton","9296"
"9297.ton","9297"
"9298.ton","9298"
"9299.ton","9299"
"9300.ton","9300"
"9301.ton","9301"
"9302.ton","9302"
"9303.ton","9303"
"9304.ton","9304"
"9305.ton","9305"
"9306.ton","9306"
"9307.ton","9307"
"9308.ton","9308"
"9309.ton","9309"
"9310.ton","9310"
"9311.ton","9311"
"9312.ton","9312"
"9313.ton","9313"
"9314.ton","9314"
"9315.ton","9315"
"9316.ton","9316"
"9317.ton","9317"
"9318.ton","9318"
"9319.ton","9319"
"9320.ton","9320"
"9321.ton","9321"
"9322.ton","9322"
"9323.ton","9323"
"9324.ton","9324"
"9325.ton","9325"
"9326.ton","9326"
"9327.ton","9327"
"9328.ton","9328"
"9329.ton","9329"
"9330.ton","9330"
"9331.ton","9331"
"9332.ton","9332"
"9333.ton","9333"
"9334.ton","9334"
"9335.ton","9335"
"9336.ton","9336"
"9337.ton","9337"
"9338.ton","9338"
"9339.ton","9339"
"9340.ton","9340"
"9341.ton","9341"
"9342.ton","9342"
"9343.ton","9343"
"9344.ton","9344"
"9345.ton","9345"
"9346.ton","9346"
"9347.ton","9347"
"9348.ton","9348"
"9349.ton","9349"
"9350.ton","9350"
"9351.ton","9351"
"9352.ton","9352"
"9353.ton","9353"
"9354.ton","9354"
"9355.ton","9355"
"9356.ton","9356"
"9357.ton","9357"
"9358.ton","9358"
"9359.ton","9359"
"9360.ton","9360"
"9361.ton","9361"
"9362.ton","9362"
"9363.ton","9363"
"9364.ton","9364"
"9365.ton","9365"
"9366.ton","9366"
"9367.ton","9367"
"9368.ton","9368"
"9369.ton","9369"
"9370.ton","9370"
"9371.ton","9371"
"9372.ton","9372"
"9373.ton","9373"
"9374.ton","9374"
"9375.ton","9375"
"9376.ton","9376"
"9377.ton","9377"
"9378.ton","9378"
"9379.ton","9379"
"9380.ton","9380"
"9381.ton","9381"
"9382.ton","9382"
"9383.ton","9383"
"9384.ton","9384"
"9385.ton","9385"
"9386.ton","9386"
"9387.ton","9387"
"9388.ton","9388"
"9389.ton","9389"
"9390.ton","9390"
"9391.ton","9391"
"9392.ton","9392"
"9393.ton","9393"
"9394.ton","9394"
"9395.ton","9395"
"9396.ton","9396"
"9397.ton","9397"
"9398.ton","9398"
"9399.ton","9399"
"9400.ton","9400"
"9401.ton","9401"
"9402.ton","9402"
"9403.ton","9403"
"9404.ton","9404"
"9405.ton","9405"
"9406.ton","9406"
"9407.ton","9407"
"9408.ton","9408"
"9409.ton","9409"
"9410.ton","9410"
"9411.ton","9411"
"9412.ton","9412"
"9413.ton","9413"
"9414.ton","9414"
"9415.ton","9415"
"9416.ton","9416"
"9417.ton","9417"
"9418.ton","9418"
"9419.ton","9419"
"9420.ton","9420"
"9421.ton","9421"
"9422.ton","9422"
"9423.ton","9423"
"9424.ton","9424"
"9425.ton","9425"
"9426.ton","9426"
"9427.ton","9427"
"9428.ton","9428"
"9429.ton","9429"
"9430.ton","9430"
"9431.ton","9431"
"9432.ton","9432"
"9433.ton","9433"
"9434.ton","9434"
"9435.ton","9435"
"9436.ton","9436"
"9437.ton","9437"
"9438.ton","9438"
"9439.ton","9439"
"9440.ton","9440"
"9441.ton","9441"
"9442.ton","9442"
"9443.ton","9443"
"9444.ton","9444"
"9445.ton","9445"
"9446.ton","9446"
"9447.ton","9447"
"9448.ton","9448"
"9449.ton","9449"
"9450.ton","9450"
"9451.ton","9451"
"9452.ton","9452"
"9453.ton","9453"
"9454.ton","9454"
"9455.ton","9455"
"9456.ton","9456"
"9457.ton","9457"
"9458.ton","9458"
"9459.ton","9459"
"9460.ton","9460"
"9461.ton","9461"
"9462.ton","9462"
"9463.ton","9463"
"9464.ton","9464"
"9465.ton","9465"
"9466.ton","9466"
"9467.ton","9467"
"9468.ton","9468"
"9469.ton","9469"
"9470.ton","9470"
"9471.ton","9471"
"9472.ton","9472"
"9473.ton","9473"
"9474.ton","9474"
"9475.ton","9475"
"9476.ton","9476"
"9477.ton","9477"
"9478.ton","9478"
"9479.ton","9479"
"9480.ton","9480"
"9481.ton","9481"
"9482.ton","9482"
"9483.ton","9483"
"9484.ton","9484"
"9485.ton","9485"
"9486.ton","9486"
"9487.ton","9487"
"9488.ton","9488"
"9489.ton","9489"
"9490.ton","9490"
"9491.ton","9491"
"9492.ton","9492"
"9493.ton","9493"
"9494.ton","9494"
"9495.ton","9495"
"9496.ton","9496"
"9497.ton","9497"
"9498.ton","9498"
"9499.ton","9499"
"9500.ton","9500"
"9501.ton","9501"
"9502.ton","9502"
"9503.ton","9503"
"9504.ton","9504"
"9505.ton","9505"
"9506.ton","9506"
"9507.ton","9507"
"9508.ton","9508"
"9509.ton","9509"
"9510.ton","9510"
"9511.ton","9511"
"9512.ton","9512"
"9513.ton","9513"
"9514.ton","9514"
"9515.ton","9515"
"9516.ton","9516"
"9517.ton","9517"
"9518.ton","9518"
"9519.ton","9519"
"9520.ton","9520"
"9521.ton","9521"
"9522.ton","9522"
"9523.ton","9523"
"9524.ton","9524"
"9525.ton","9525"
"9526.ton","9526"
"9527.ton","9527"
"9528.ton","9528"
"9529.ton","9529"
"9530.ton","9530"
"9531.ton","9531"
"9532.ton","9532"
"9533.ton","9533"
"9534.ton","9534"
"9535.ton","9535"
"9536.ton","9536"
"9537.ton","9537"
"9538.ton","9538"
"9539.ton","9539"
"9540.ton","9540"
"9541.ton","9541"
"9542.ton","9542"
"9543.ton","9543"
"9544.ton","9544"
"9545.ton","9545"
"9546.ton","9546"
"9547.ton","9547"
"9548.ton","9548"
"9549.ton","9549"
"9550.ton","9550"
"9551.ton","9551"
"9552.ton","9552"
"9553.ton","9553"
"9554.ton","9554"
"9555.ton","9555"
"9556.ton","9556"
"9557.ton","9557"
"9558.ton","9558"
"9559.ton","9559"
"9560.ton","9560"
"9561.ton","9561"
"9562.ton","9562"
"9563.ton","9563"
"9564.ton","9564"
"9565.ton","9565"
"9566.ton","9566"
"9567.ton","9567"
"9568.ton","9568"
"9569.ton","9569"
"9570.ton","9570"
"9571.ton","9571"
"9572.ton","9572"
"9573.ton","9573"
"9574.ton","9574"
"9575.ton","9575"
"9576.ton","9576"
"9577.ton","9577"
"9578.ton","9578"
"9579.ton","9579"
"9580.ton","9580"
"9581.ton","9581"
"9582.ton","9582"
"9583.ton","9583"
"9584.ton","9584"
"9585.ton","9585"
"9586.ton","9586"
"9587.ton","9587"
"9588.ton","9588"
"9589.ton","9589"
"9590.ton","9590"
"9591.ton","9591"
"9592.ton","9592"
"9593.ton","9593"
"9594.ton","9594"
"9595.ton","9595"
"9596.ton","9596"
"9597.ton","9597"
"9598.ton","9598"
"9599.ton","9599"
"9600.ton","9600"
"9601.ton","9601"
"9602.ton","9602"
"9603.ton","9603"
"9604.ton","9604"
"9605.ton","9605"
"9606.ton","9606"
"9607.ton","9607"
"9608.ton","9608"
"9609.ton","9609"
"9610.ton","9610"
"9611.ton","9611"
"9612.ton","9612"
"9613.ton","9613"
"9614.ton","9614"
"9615.ton","9615"
"9616.ton","9616"
"9617.ton","9617"
"9618.ton","9618"
"9619.ton","9619"
"9620.ton","9620"
"9621.ton","9621"
"9622.ton","9622"
"9623.ton","9623"
"9624.ton","9624"
"9625.ton","9625"
"9626.ton","9626"
"9627.ton","9627"
"9628.ton","9628"
"9629.ton","9629"
"9630.ton","9630"
"9631.ton","9631"
"9632.ton","9632"
"9633.ton","9633"
"9634.ton","9634"
"9635.ton","9635"
"9636.ton","9636"
"9637.ton","9637"
"9638.ton","9638"
"9639.ton","9639"
"9640.ton","9640"
"9641.ton","9641"
"9642.ton","9642"
"9643.ton","9643"
"9644.ton","9644"
"9645.ton","9645"
"9646.ton","9646"
"9647.ton","9647"
"9648.ton","9648"
"9649.ton","9649"
"9650.ton","9650"
"9651.ton","9651"
"9652.ton","9652"
"9653.ton","9653"
"9654.ton","9654"
"9655.ton","9655"
"9656.ton","9656"
"9657.ton","9657"
"9658.ton","9658"
"9659.ton","9659"
"9660.ton","9660"
"9661.ton","9661"
"9662.ton","9662"
"9663.ton","9663"
"9664.ton","9664"
"9665.ton","9665"
"9666.ton","9666"
"9667.ton","9667"
"9668.ton","9668"
"9669.ton","9669"
"9670.ton","9670"
"9671.ton","9671"
"9672.ton","9672"
"9673.ton","9673"
"9674.ton","9674"
"9675.ton","9675"
"9676.ton","9676"
"9677.ton","9677"
"9678.ton","9678"
"9679.ton","9679"
"9680.ton","9680"
"9681.ton","9681"
"9682.ton","9682"
"9683.ton","9683"
"9684.ton","9684"
"9685.ton","9685"
"9686.ton","9686"
"9687.ton","9687"
"9688.ton","9688"
"9689.ton","9689"
"9690.ton","9690"
"9691.ton","9691"
"9692.ton","9692"
"9693.ton","9693"
"9694.ton","9694"
"9695.ton","9695"
"9696.ton","9696"
"9697.ton","9697"
"9698.ton","9698"
"9699.ton","9699"
"9700.ton","9700"
"9701.ton","9701"
"9702.ton","9702"
"9703.ton","9703"
"9704.ton","9704"
"9705.ton","9705"
"9706.ton","9706"
"9707.ton","9707"
"9708.ton","9708"
"9709.ton","9709"
"9710.ton","9710"
"9711.ton","9711"
"9712.ton","9712"
"9713.ton","9713"
"9714.ton","9714"
"9715.ton","9715"
"9716.ton","9716"
"9717.ton","9717"
"9718.ton","9718"
"9719.ton","9719"
"9720.ton","9720"
"9721.ton","9721"
"9722.ton","9722"
"9723.ton","9723"
"9724.ton","9724"
"9725.ton","9725"
"9726.ton","9726"
"9727.ton","9727"
"9728.ton","9728"
"9729.ton","9729"
"9730.ton","9730"
"9731.ton","9731"
"9732.ton","9732"
"9733.ton","9733"
"9734.ton","9734"
"9735.ton","9735"
"9736.ton","9736"
"9737.ton","9737"
"9738.ton","9738"
"9739.ton","9739"
"9740.ton","9740"
"9741.ton","9741"
"9742.ton","9742"
"9743.ton","9743"
"9744.ton","9744"
"9745.ton","9745"
"9746.ton","9746"
"9747.ton","9747"
"9748.ton","9748"
"9749.ton","9749"
"9750.ton","9750"
"9751.ton","9751"
"9752.ton","9752"
"9753.ton","9753"
"9754.ton","9754"
"9755.ton","9755"
"9756.ton","9756"
"9757.ton","9757"
"9758.ton","9758"
"9759.ton","9759"
"9760.ton","9760"
"9761.ton","9761"
"9762.ton","9762"
"9763.ton","9763"
"9764.ton","9764"
"9765.ton","9765"
"9766.ton","9766"
"9767.ton","9767"
"9768.ton","9768"
"9769.ton","9769"
"9770.ton","9770"
"9771.ton","9771"
"9772.ton","9772"
"9773.ton","9773"
"9774.ton","9774"
"9775.ton","9775"
"9776.ton","9776"
"9777.ton","9777"
"9778.ton","9778"
"9779.ton","9779"
"9780.ton","9780"
"9781.ton","9781"
"9782.ton","9782"
"9783.ton","9783"
"9784.ton","9784"
"9785.ton","9785"
"9786.ton","9786"
"9787.ton","9787"
"9788.ton","9788"
"9789.ton","9789"
"9790.ton","9790"
"9791.ton","9791"
"9792.ton","9792"
"9793.ton","9793"
"9794.ton","9794"
"9795.ton","9795"
"9796.ton","9796"
"9797.ton","9797"
"9798.ton","9798"
"9799.ton","9799"
"9800.ton","9800"
"9801.ton","9801"
"9802.ton","9802"
"9803.ton","9803"
"9804.ton","9804"
"9805.ton","9805"
"9806.ton","9806"
"9807.ton","9807"
"9808.ton","9808"
"9809.ton","9809"
"9810.ton","9810"
"9811.ton","9811"
"9812.ton","9812"
"9813.ton","9813"
"9814.ton","9814"
"9815.ton","9815"
"9816.ton","9816"
"9817.ton","9817"
"9818.ton","9818"
"9819.ton","9819"
"9820.ton","9820"
"9821.ton","9821"
"9822.ton","9822"
"9823.ton","9823"
"9824.ton","9824"
"9825.ton","9825"
"9826.ton","9826"
"9827.ton","9827"
"9828.ton","9828"
"9829.ton","9829"
"9830.ton","9830"
"9831.ton","9831"
"9832.ton","9832"
"9833.ton","9833"
"9834.ton","9834"
"9835.ton","9835"
"9836.ton","9836"
"9837.ton","9837"
"9838.ton","9838"
"9839.ton","9839"
"9840.ton","9840"
"9841.ton","9841"
"9842.ton","9842"
"9843.ton","9843"
"9844.ton","9844"
"9845.ton","9845"
"9846.ton","9846"
"9847.ton","9847"
"9848.ton","9848"
"9849.ton","9849"
"9850.ton","9850"
"9851.ton","9851"
"9852.ton","9852"
"9853.ton","9853"
"9854.ton","9854"
"9855.ton","9855"
"9856.ton","9856"
"9857.ton","9857"
"9858.ton","9858"
"9859.ton","9859"
"9860.ton","9860"
"9861.ton","9861"
"9862.ton","9862"
"9863.ton","9863"
"9864.ton","9864"
"9865.ton","9865"
"9866.ton","9866"
"9867.ton","9867"
"9868.ton","9868"
"9869.ton","9869"
"9870.ton","9870"
"9871.ton","9871"
"9872.ton","9872"
"9873.ton","9873"
"9874.ton","9874"
"9875.ton","9875"
"9876.ton","9876"
"9877.ton","9877"
"9878.ton","9878"
"9879.ton","9879"
"9880.ton","9880"
"9881.ton","9881"
"9882.ton","9882"
"9883.ton","9883"
"9884.ton","9884"
"9885.ton","9885"
"9886.ton","9886"
"9887.ton","9887"
"9888.ton","9888"
"9889.ton","9889"
"9890.ton","9890"
"9891.ton","9891"
"9892.ton","9892"
"9893.ton","9893"
"9894.ton","9894"
"9895.ton","9895"
"9896.ton","9896"
"9897.ton","9897"
"9898.ton","9898"
"9899.ton","9899"
"9900.ton","9900"
"9901.ton","9901"
"9902.ton","9902"
"9903.ton","9903"
"9904.ton","9904"
"9905.ton","9905"
"9906.ton","9906"
"9907.ton","9907"
"9908.ton","9908"
"9909.ton","9909"
"9910.ton","9910"
"9911.ton","9911"
"9912.ton","9912"
"9913.ton","9913"
"9914.ton","9914"
"9915.ton","9915"
"9916.ton","9916"
"9917.ton","9917"
"9918.ton","9918"
"9919.ton","9919"
"9920.ton","9920"
"9921.ton","9921"
"9922.ton","9922"
"9923.ton","9923"
"9924.ton","9924"
"9925.ton","9925"
"9926.ton","9926"
"9927.ton","9927"
"9928.ton","9928"
"9929.ton","9929"
"9930.ton","9930"
"9931.ton","9931"
"9932.ton","9932"
"9933.ton","9933"
"9934.ton","9934"
"9935.ton","9935"
"9936.ton","9936"
"9937.ton","9937"
"9938.ton","9938"
"9939.ton","9939"
"9940.ton","9940"
"9941.ton","9941"
"9942.ton","9942"
"9943.ton","9943"
"9944.ton","9944"
"9945.ton","9945"
"9946.ton","9946"
"9947.ton","9947"
"9948.ton","9948"
"9949.ton","9949"
"9950.ton","9950"
"9951.ton","9951"
"9952.ton","9952"
"9953.ton","9953"
"9954.ton","9954"
"9955.ton","9955"
"9956.ton","9956"
"9957.ton","9957"
"9958.ton","9958"
"9959.ton","9959"
"9960.ton","9960"
"9961.ton","9961"
"9962.ton","9962"
"9963.ton","9963"
"9964.ton","9964"
"9965.ton","9965"
"9966.ton","9966"
"9967.ton","9967"
"9968.ton","9968"
"9969.ton","9969"
"9970.ton","9970"
"9971.ton","9971"
"9972.ton","9972"
"9973.ton","9973"
"9974.ton","9974"
"9975.ton","9975"
"9976.ton","9976"
"9977.ton","9977"
"9978.ton","9978"
"9979.ton","9979"
"9980.ton","9980"
"9981.ton","9981"
"9982.ton","9982"
"9983.ton","9983"
"9984.ton","9984"
"9985.ton","9985"
"9986.ton","9986"
"9987.ton","9987"
"9988.ton","9988"
"9989.ton","9989"
"9990.ton","9990"
"9991.ton","9991"
"9992.ton","9992"
"9993.ton","9993"
"9994.ton","9994"
"9995.ton","9995"
"9996.ton","9996"
"9997.ton","9997"
"9998.ton","9998"
"9999.ton","9999"
